VAR,Variable,UNIT,Measure,COU,Country,YEA,Year,Value,Flag Codes,Flags
ECONPIBN,Gross domestic product (GDP),PPPPERMT,"/capita, US$ purchasing power parity",AUS,Australia,2005,2005,35642.3,,
ECONPIBN,Gross domestic product (GDP),PPPPERMT,"/capita, US$ purchasing power parity",AUS,Australia,2006,2006,37893.9,,
ECONPIBN,Gross domestic product (GDP),PPPPERMT,"/capita, US$ purchasing power parity",AUS,Australia,2007,2007,39658.3,,
ECONPIBN,Gross domestic product (GDP),PPPPERMT,"/capita, US$ purchasing power parity",AUS,Australia,2008,2008,40105.1,,
ECONPIBN,Gross domestic product (GDP),PPPPERMT,"/capita, US$ purchasing power parity",AUS,Australia,2009,2009,41636.6,,
ECONPIBN,Gross domestic product (GDP),PPPPERMT,"/capita, US$ purchasing power parity",AUS,Australia,2010,2010,42810,,
ECONPIBN,Gross domestic product (GDP),PPPPERMT,"/capita, US$ purchasing power parity",AUS,Australia,2011,2011,44429.5,,
ECONPIBN,Gross domestic product (GDP),PPPPERMT,"/capita, US$ purchasing power parity",AUS,Australia,2012,2012,43883.5,,
ECONPIBN,Gross domestic product (GDP),PPPPERMT,"/capita, US$ purchasing power parity",AUS,Australia,2013,2013,47761.8,,
ECONPIBN,Gross domestic product (GDP),PPPPERMT,"/capita, US$ purchasing power parity",AUS,Australia,2014,2014,47603.9,,
ECONPIBN,Gross domestic product (GDP),PPPPERMT,"/capita, US$ purchasing power parity",AUS,Australia,2015,2015,47232.6,,
ECONPIBN,Gross domestic product (GDP),PPPPERMT,"/capita, US$ purchasing power parity",AUS,Australia,2016,2016,50150.6,,
ECONPIBN,Gross domestic product (GDP),PPPPERMT,"/capita, US$ purchasing power parity",AUS,Australia,2017,2017,50699.3,,
ECONPIBN,Gross domestic product (GDP),PPPPERMT,"/capita, US$ purchasing power parity",AUS,Australia,2018,2018,52980.8,,
ECONPIBN,Gross domestic product (GDP),PPPPERMT,"/capita, US$ purchasing power parity",AUS,Australia,2019,2019,52669.4,,
ECONPIBN,Gross domestic product (GDP),PPPPERMT,"/capita, US$ purchasing power parity",AUS,Australia,2020,2020,55635.5,,
ECONPIBN,Gross domestic product (GDP),PPPPERMT,"/capita, US$ purchasing power parity",AUT,Austria,2005,2005,35013.7,,
ECONPIBN,Gross domestic product (GDP),PPPPERMT,"/capita, US$ purchasing power parity",AUT,Austria,2006,2006,37662.2,,
ECONPIBN,Gross domestic product (GDP),PPPPERMT,"/capita, US$ purchasing power parity",AUT,Austria,2007,2007,39430.6,,
ECONPIBN,Gross domestic product (GDP),PPPPERMT,"/capita, US$ purchasing power parity",AUT,Austria,2008,2008,41316.2,,
ECONPIBN,Gross domestic product (GDP),PPPPERMT,"/capita, US$ purchasing power parity",AUT,Austria,2009,2009,40918.1,,
ECONPIBN,Gross domestic product (GDP),PPPPERMT,"/capita, US$ purchasing power parity",AUT,Austria,2010,2010,42009.4,,
ECONPIBN,Gross domestic product (GDP),PPPPERMT,"/capita, US$ purchasing power parity",AUT,Austria,2011,2011,44452.7,,
ECONPIBN,Gross domestic product (GDP),PPPPERMT,"/capita, US$ purchasing power parity",AUT,Austria,2012,2012,46457.3,,
ECONPIBN,Gross domestic product (GDP),PPPPERMT,"/capita, US$ purchasing power parity",AUT,Austria,2013,2013,47922,,
ECONPIBN,Gross domestic product (GDP),PPPPERMT,"/capita, US$ purchasing power parity",AUT,Austria,2014,2014,48799.7,,
ECONPIBN,Gross domestic product (GDP),PPPPERMT,"/capita, US$ purchasing power parity",AUT,Austria,2015,2015,49865.9,,
ECONPIBN,Gross domestic product (GDP),PPPPERMT,"/capita, US$ purchasing power parity",AUT,Austria,2016,2016,52684,,
ECONPIBN,Gross domestic product (GDP),PPPPERMT,"/capita, US$ purchasing power parity",AUT,Austria,2017,2017,54173,,
ECONPIBN,Gross domestic product (GDP),PPPPERMT,"/capita, US$ purchasing power parity",AUT,Austria,2018,2018,56960.1,,
ECONPIBN,Gross domestic product (GDP),PPPPERMT,"/capita, US$ purchasing power parity",AUT,Austria,2019,2019,58076.3,,
ECONPIBN,Gross domestic product (GDP),PPPPERMT,"/capita, US$ purchasing power parity",AUT,Austria,2020,2020,55686,,
ECONPIBN,Gross domestic product (GDP),PPPPERMT,"/capita, US$ purchasing power parity",BEL,Belgium,2005,2005,33177.9,,
ECONPIBN,Gross domestic product (GDP),PPPPERMT,"/capita, US$ purchasing power parity",BEL,Belgium,2006,2006,35259.2,,
ECONPIBN,Gross domestic product (GDP),PPPPERMT,"/capita, US$ purchasing power parity",BEL,Belgium,2007,2007,36791.2,,
ECONPIBN,Gross domestic product (GDP),PPPPERMT,"/capita, US$ purchasing power parity",BEL,Belgium,2008,2008,37883.3,,
ECONPIBN,Gross domestic product (GDP),PPPPERMT,"/capita, US$ purchasing power parity",BEL,Belgium,2009,2009,37749.5,,
ECONPIBN,Gross domestic product (GDP),PPPPERMT,"/capita, US$ purchasing power parity",BEL,Belgium,2010,2010,39840.1,,
ECONPIBN,Gross domestic product (GDP),PPPPERMT,"/capita, US$ purchasing power parity",BEL,Belgium,2011,2011,40942.4,,
ECONPIBN,Gross domestic product (GDP),PPPPERMT,"/capita, US$ purchasing power parity",BEL,Belgium,2012,2012,42290.8,,
ECONPIBN,Gross domestic product (GDP),PPPPERMT,"/capita, US$ purchasing power parity",BEL,Belgium,2013,2013,43671.1,,
ECONPIBN,Gross domestic product (GDP),PPPPERMT,"/capita, US$ purchasing power parity",BEL,Belgium,2014,2014,44929.7,,
ECONPIBN,Gross domestic product (GDP),PPPPERMT,"/capita, US$ purchasing power parity",BEL,Belgium,2015,2015,46200.9,,
ECONPIBN,Gross domestic product (GDP),PPPPERMT,"/capita, US$ purchasing power parity",BEL,Belgium,2016,2016,48597.4,,
ECONPIBN,Gross domestic product (GDP),PPPPERMT,"/capita, US$ purchasing power parity",BEL,Belgium,2017,2017,50442.3,,
ECONPIBN,Gross domestic product (GDP),PPPPERMT,"/capita, US$ purchasing power parity",BEL,Belgium,2018,2018,52535.2,,
ECONPIBN,Gross domestic product (GDP),PPPPERMT,"/capita, US$ purchasing power parity",BEL,Belgium,2019,2019,54278.4,,
ECONPIBN,Gross domestic product (GDP),PPPPERMT,"/capita, US$ purchasing power parity",BEL,Belgium,2020,2020,53096.1,,
ECONPIBN,Gross domestic product (GDP),PPPPERMT,"/capita, US$ purchasing power parity",CAN,Canada,2005,2005,36327.2,,
ECONPIBN,Gross domestic product (GDP),PPPPERMT,"/capita, US$ purchasing power parity",CAN,Canada,2006,2006,38119.4,,
ECONPIBN,Gross domestic product (GDP),PPPPERMT,"/capita, US$ purchasing power parity",CAN,Canada,2007,2007,39575.3,,
ECONPIBN,Gross domestic product (GDP),PPPPERMT,"/capita, US$ purchasing power parity",CAN,Canada,2008,2008,40376.3,,
ECONPIBN,Gross domestic product (GDP),PPPPERMT,"/capita, US$ purchasing power parity",CAN,Canada,2009,2009,38865.4,,
ECONPIBN,Gross domestic product (GDP),PPPPERMT,"/capita, US$ purchasing power parity",CAN,Canada,2010,2010,40099.4,,
ECONPIBN,Gross domestic product (GDP),PPPPERMT,"/capita, US$ purchasing power parity",CAN,Canada,2011,2011,41666.7,,
ECONPIBN,Gross domestic product (GDP),PPPPERMT,"/capita, US$ purchasing power parity",CAN,Canada,2012,2012,42291,,
ECONPIBN,Gross domestic product (GDP),PPPPERMT,"/capita, US$ purchasing power parity",CAN,Canada,2013,2013,44298.6,,
ECONPIBN,Gross domestic product (GDP),PPPPERMT,"/capita, US$ purchasing power parity",CAN,Canada,2014,2014,45753.8,,
ECONPIBN,Gross domestic product (GDP),PPPPERMT,"/capita, US$ purchasing power parity",CAN,Canada,2015,2015,44670.1,,
ECONPIBN,Gross domestic product (GDP),PPPPERMT,"/capita, US$ purchasing power parity",CAN,Canada,2016,2016,46472.3,,
ECONPIBN,Gross domestic product (GDP),PPPPERMT,"/capita, US$ purchasing power parity",CAN,Canada,2017,2017,48317.2,,
ECONPIBN,Gross domestic product (GDP),PPPPERMT,"/capita, US$ purchasing power parity",CAN,Canada,2018,2018,49992.8,,
ECONPIBN,Gross domestic product (GDP),PPPPERMT,"/capita, US$ purchasing power parity",CAN,Canada,2019,2019,49299.2,,
ECONPIBN,Gross domestic product (GDP),PPPPERMT,"/capita, US$ purchasing power parity",CAN,Canada,2020,2020,46572.1,,
ECONPIBN,Gross domestic product (GDP),PPPPERMT,"/capita, US$ purchasing power parity",CZE,Czech Republic,2005,2005,22095.4,,
ECONPIBN,Gross domestic product (GDP),PPPPERMT,"/capita, US$ purchasing power parity",CZE,Czech Republic,2006,2006,23923.7,,
ECONPIBN,Gross domestic product (GDP),PPPPERMT,"/capita, US$ purchasing power parity",CZE,Czech Republic,2007,2007,26282.4,,
ECONPIBN,Gross domestic product (GDP),PPPPERMT,"/capita, US$ purchasing power parity",CZE,Czech Republic,2008,2008,27974.5,,
ECONPIBN,Gross domestic product (GDP),PPPPERMT,"/capita, US$ purchasing power parity",CZE,Czech Republic,2009,2009,27761.5,,
ECONPIBN,Gross domestic product (GDP),PPPPERMT,"/capita, US$ purchasing power parity",CZE,Czech Republic,2010,2010,27882,,
ECONPIBN,Gross domestic product (GDP),PPPPERMT,"/capita, US$ purchasing power parity",CZE,Czech Republic,2011,2011,29001.4,,
ECONPIBN,Gross domestic product (GDP),PPPPERMT,"/capita, US$ purchasing power parity",CZE,Czech Republic,2012,2012,29254.7,,
ECONPIBN,Gross domestic product (GDP),PPPPERMT,"/capita, US$ purchasing power parity",CZE,Czech Republic,2013,2013,30818.1,,
ECONPIBN,Gross domestic product (GDP),PPPPERMT,"/capita, US$ purchasing power parity",CZE,Czech Republic,2014,2014,32502.5,,
ECONPIBN,Gross domestic product (GDP),PPPPERMT,"/capita, US$ purchasing power parity",CZE,Czech Republic,2015,2015,33899.3,,
ECONPIBN,Gross domestic product (GDP),PPPPERMT,"/capita, US$ purchasing power parity",CZE,Czech Republic,2016,2016,36097.7,,
ECONPIBN,Gross domestic product (GDP),PPPPERMT,"/capita, US$ purchasing power parity",CZE,Czech Republic,2017,2017,38824.9,,
ECONPIBN,Gross domestic product (GDP),PPPPERMT,"/capita, US$ purchasing power parity",CZE,Czech Republic,2018,2018,41135.5,,
ECONPIBN,Gross domestic product (GDP),PPPPERMT,"/capita, US$ purchasing power parity",CZE,Czech Republic,2019,2019,42847,,
ECONPIBN,Gross domestic product (GDP),PPPPERMT,"/capita, US$ purchasing power parity",CZE,Czech Republic,2020,2020,41608,,
ECONPIBN,Gross domestic product (GDP),PPPPERMT,"/capita, US$ purchasing power parity",DNK,Denmark,2005,2005,34150.2,,
ECONPIBN,Gross domestic product (GDP),PPPPERMT,"/capita, US$ purchasing power parity",DNK,Denmark,2006,2006,37334.4,,
ECONPIBN,Gross domestic product (GDP),PPPPERMT,"/capita, US$ purchasing power parity",DNK,Denmark,2007,2007,39006.2,,
ECONPIBN,Gross domestic product (GDP),PPPPERMT,"/capita, US$ purchasing power parity",DNK,Denmark,2008,2008,41278.3,,
ECONPIBN,Gross domestic product (GDP),PPPPERMT,"/capita, US$ purchasing power parity",DNK,Denmark,2009,2009,40331.4,,
ECONPIBN,Gross domestic product (GDP),PPPPERMT,"/capita, US$ purchasing power parity",DNK,Denmark,2010,2010,43003.1,,
ECONPIBN,Gross domestic product (GDP),PPPPERMT,"/capita, US$ purchasing power parity",DNK,Denmark,2011,2011,44403.4,,
ECONPIBN,Gross domestic product (GDP),PPPPERMT,"/capita, US$ purchasing power parity",DNK,Denmark,2012,2012,44804,,
ECONPIBN,Gross domestic product (GDP),PPPPERMT,"/capita, US$ purchasing power parity",DNK,Denmark,2013,2013,46726.9,,
ECONPIBN,Gross domestic product (GDP),PPPPERMT,"/capita, US$ purchasing power parity",DNK,Denmark,2014,2014,47901.4,,
ECONPIBN,Gross domestic product (GDP),PPPPERMT,"/capita, US$ purchasing power parity",DNK,Denmark,2015,2015,49045.3,,
ECONPIBN,Gross domestic product (GDP),PPPPERMT,"/capita, US$ purchasing power parity",DNK,Denmark,2016,2016,51976,,
ECONPIBN,Gross domestic product (GDP),PPPPERMT,"/capita, US$ purchasing power parity",DNK,Denmark,2017,2017,55356.7,,
ECONPIBN,Gross domestic product (GDP),PPPPERMT,"/capita, US$ purchasing power parity",DNK,Denmark,2018,2018,57483,,
ECONPIBN,Gross domestic product (GDP),PPPPERMT,"/capita, US$ purchasing power parity",DNK,Denmark,2019,2019,58701,,
ECONPIBN,Gross domestic product (GDP),PPPPERMT,"/capita, US$ purchasing power parity",DNK,Denmark,2020,2020,60229.9,,
ECONPIBN,Gross domestic product (GDP),PPPPERMT,"/capita, US$ purchasing power parity",FIN,Finland,2005,2005,32051.8,,
ECONPIBN,Gross domestic product (GDP),PPPPERMT,"/capita, US$ purchasing power parity",FIN,Finland,2006,2006,34455.1,,
ECONPIBN,Gross domestic product (GDP),PPPPERMT,"/capita, US$ purchasing power parity",FIN,Finland,2007,2007,37838.3,,
ECONPIBN,Gross domestic product (GDP),PPPPERMT,"/capita, US$ purchasing power parity",FIN,Finland,2008,2008,40083.7,,
ECONPIBN,Gross domestic product (GDP),PPPPERMT,"/capita, US$ purchasing power parity",FIN,Finland,2009,2009,37972.3,,
ECONPIBN,Gross domestic product (GDP),PPPPERMT,"/capita, US$ purchasing power parity",FIN,Finland,2010,2010,38956.5,,
ECONPIBN,Gross domestic product (GDP),PPPPERMT,"/capita, US$ purchasing power parity",FIN,Finland,2011,2011,40916.8,,
ECONPIBN,Gross domestic product (GDP),PPPPERMT,"/capita, US$ purchasing power parity",FIN,Finland,2012,2012,40873.1,,
ECONPIBN,Gross domestic product (GDP),PPPPERMT,"/capita, US$ purchasing power parity",FIN,Finland,2013,2013,41493.1,,
ECONPIBN,Gross domestic product (GDP),PPPPERMT,"/capita, US$ purchasing power parity",FIN,Finland,2014,2014,41757.4,,
ECONPIBN,Gross domestic product (GDP),PPPPERMT,"/capita, US$ purchasing power parity",FIN,Finland,2015,2015,42497.7,,
ECONPIBN,Gross domestic product (GDP),PPPPERMT,"/capita, US$ purchasing power parity",FIN,Finland,2016,2016,44934.4,,
ECONPIBN,Gross domestic product (GDP),PPPPERMT,"/capita, US$ purchasing power parity",FIN,Finland,2017,2017,47570.1,,
ECONPIBN,Gross domestic product (GDP),PPPPERMT,"/capita, US$ purchasing power parity",FIN,Finland,2018,2018,49580.6,,
ECONPIBN,Gross domestic product (GDP),PPPPERMT,"/capita, US$ purchasing power parity",FIN,Finland,2019,2019,50321.5,,
ECONPIBN,Gross domestic product (GDP),PPPPERMT,"/capita, US$ purchasing power parity",FIN,Finland,2020,2020,50937.2,,
ECONPIBN,Gross domestic product (GDP),PPPPERMT,"/capita, US$ purchasing power parity",FRA,France,2005,2005,30584.8,,
ECONPIBN,Gross domestic product (GDP),PPPPERMT,"/capita, US$ purchasing power parity",FRA,France,2006,2006,32562.7,,
ECONPIBN,Gross domestic product (GDP),PPPPERMT,"/capita, US$ purchasing power parity",FRA,France,2007,2007,34223,,
ECONPIBN,Gross domestic product (GDP),PPPPERMT,"/capita, US$ purchasing power parity",FRA,France,2008,2008,35202.6,,
ECONPIBN,Gross domestic product (GDP),PPPPERMT,"/capita, US$ purchasing power parity",FRA,France,2009,2009,34786.9,,
ECONPIBN,Gross domestic product (GDP),PPPPERMT,"/capita, US$ purchasing power parity",FRA,France,2010,2010,36018.5,,
ECONPIBN,Gross domestic product (GDP),PPPPERMT,"/capita, US$ purchasing power parity",FRA,France,2011,2011,37564.2,,
ECONPIBN,Gross domestic product (GDP),PPPPERMT,"/capita, US$ purchasing power parity",FRA,France,2012,2012,37806.5,,
ECONPIBN,Gross domestic product (GDP),PPPPERMT,"/capita, US$ purchasing power parity",FRA,France,2013,2013,39660.5,,
ECONPIBN,Gross domestic product (GDP),PPPPERMT,"/capita, US$ purchasing power parity",FRA,France,2014,2014,40144,,
ECONPIBN,Gross domestic product (GDP),PPPPERMT,"/capita, US$ purchasing power parity",FRA,France,2015,2015,40850,,
ECONPIBN,Gross domestic product (GDP),PPPPERMT,"/capita, US$ purchasing power parity",FRA,France,2016,2016,42924.6,,
ECONPIBN,Gross domestic product (GDP),PPPPERMT,"/capita, US$ purchasing power parity",FRA,France,2017,2017,44577.1,,
ECONPIBN,Gross domestic product (GDP),PPPPERMT,"/capita, US$ purchasing power parity",FRA,France,2018,2018,46537.5,,
ECONPIBN,Gross domestic product (GDP),PPPPERMT,"/capita, US$ purchasing power parity",FRA,France,2019,2019,48971.1,,
ECONPIBN,Gross domestic product (GDP),PPPPERMT,"/capita, US$ purchasing power parity",FRA,France,2020,2020,46858.2,,
ECONPIBN,Gross domestic product (GDP),PPPPERMT,"/capita, US$ purchasing power parity",DEU,Germany,2005,2005,31794.1,,
ECONPIBN,Gross domestic product (GDP),PPPPERMT,"/capita, US$ purchasing power parity",DEU,Germany,2006,2006,34160.3,,
ECONPIBN,Gross domestic product (GDP),PPPPERMT,"/capita, US$ purchasing power parity",DEU,Germany,2007,2007,36287.5,,
ECONPIBN,Gross domestic product (GDP),PPPPERMT,"/capita, US$ purchasing power parity",DEU,Germany,2008,2008,37802.4,,
ECONPIBN,Gross domestic product (GDP),PPPPERMT,"/capita, US$ purchasing power parity",DEU,Germany,2009,2009,36815.8,,
ECONPIBN,Gross domestic product (GDP),PPPPERMT,"/capita, US$ purchasing power parity",DEU,Germany,2010,2010,38952.7,,
ECONPIBN,Gross domestic product (GDP),PPPPERMT,"/capita, US$ purchasing power parity",DEU,Germany,2011,2011,42541.5,,
ECONPIBN,Gross domestic product (GDP),PPPPERMT,"/capita, US$ purchasing power parity",DEU,Germany,2012,2012,43359.6,,
ECONPIBN,Gross domestic product (GDP),PPPPERMT,"/capita, US$ purchasing power parity",DEU,Germany,2013,2013,44993.9,,
ECONPIBN,Gross domestic product (GDP),PPPPERMT,"/capita, US$ purchasing power parity",DEU,Germany,2014,2014,47011.6,,
ECONPIBN,Gross domestic product (GDP),PPPPERMT,"/capita, US$ purchasing power parity",DEU,Germany,2015,2015,47609.8,,
ECONPIBN,Gross domestic product (GDP),PPPPERMT,"/capita, US$ purchasing power parity",DEU,Germany,2016,2016,50579.7,,
ECONPIBN,Gross domestic product (GDP),PPPPERMT,"/capita, US$ purchasing power parity",DEU,Germany,2017,2017,53071.5,,
ECONPIBN,Gross domestic product (GDP),PPPPERMT,"/capita, US$ purchasing power parity",DEU,Germany,2018,2018,55235.4,,
ECONPIBN,Gross domestic product (GDP),PPPPERMT,"/capita, US$ purchasing power parity",DEU,Germany,2019,2019,55652.9,,
ECONPIBN,Gross domestic product (GDP),PPPPERMT,"/capita, US$ purchasing power parity",DEU,Germany,2020,2020,54844.5,,
ECONPIBN,Gross domestic product (GDP),PPPPERMT,"/capita, US$ purchasing power parity",GRC,Greece,2005,2005,25577.5,,
ECONPIBN,Gross domestic product (GDP),PPPPERMT,"/capita, US$ purchasing power parity",GRC,Greece,2006,2006,28549.2,,
ECONPIBN,Gross domestic product (GDP),PPPPERMT,"/capita, US$ purchasing power parity",GRC,Greece,2007,2007,29320.3,,
ECONPIBN,Gross domestic product (GDP),PPPPERMT,"/capita, US$ purchasing power parity",GRC,Greece,2008,2008,30856,,
ECONPIBN,Gross domestic product (GDP),PPPPERMT,"/capita, US$ purchasing power parity",GRC,Greece,2009,2009,30359.1,,
ECONPIBN,Gross domestic product (GDP),PPPPERMT,"/capita, US$ purchasing power parity",GRC,Greece,2010,2010,27913.1,,
ECONPIBN,Gross domestic product (GDP),PPPPERMT,"/capita, US$ purchasing power parity",GRC,Greece,2011,2011,25671.5,,
ECONPIBN,Gross domestic product (GDP),PPPPERMT,"/capita, US$ purchasing power parity",GRC,Greece,2012,2012,24911.1,,
ECONPIBN,Gross domestic product (GDP),PPPPERMT,"/capita, US$ purchasing power parity",GRC,Greece,2013,2013,25986.7,,
ECONPIBN,Gross domestic product (GDP),PPPPERMT,"/capita, US$ purchasing power parity",GRC,Greece,2014,2014,26625.1,,
ECONPIBN,Gross domestic product (GDP),PPPPERMT,"/capita, US$ purchasing power parity",GRC,Greece,2015,2015,26760.4,,
ECONPIBN,Gross domestic product (GDP),PPPPERMT,"/capita, US$ purchasing power parity",GRC,Greece,2016,2016,27511.8,,
ECONPIBN,Gross domestic product (GDP),PPPPERMT,"/capita, US$ purchasing power parity",GRC,Greece,2017,2017,28604.9,,
ECONPIBN,Gross domestic product (GDP),PPPPERMT,"/capita, US$ purchasing power parity",GRC,Greece,2018,2018,29617.5,,
ECONPIBN,Gross domestic product (GDP),PPPPERMT,"/capita, US$ purchasing power parity",GRC,Greece,2019,2019,30356.3,,
ECONPIBN,Gross domestic product (GDP),PPPPERMT,"/capita, US$ purchasing power parity",GRC,Greece,2020,2020,27953.8,,
ECONPIBN,Gross domestic product (GDP),PPPPERMT,"/capita, US$ purchasing power parity",HUN,Hungary,2005,2005,17112.2,,
ECONPIBN,Gross domestic product (GDP),PPPPERMT,"/capita, US$ purchasing power parity",HUN,Hungary,2006,2006,18389.4,,
ECONPIBN,Gross domestic product (GDP),PPPPERMT,"/capita, US$ purchasing power parity",HUN,Hungary,2007,2007,19099.9,,
ECONPIBN,Gross domestic product (GDP),PPPPERMT,"/capita, US$ purchasing power parity",HUN,Hungary,2008,2008,20727.9,,
ECONPIBN,Gross domestic product (GDP),PPPPERMT,"/capita, US$ purchasing power parity",HUN,Hungary,2009,2009,20729.8,,
ECONPIBN,Gross domestic product (GDP),PPPPERMT,"/capita, US$ purchasing power parity",HUN,Hungary,2010,2010,21751.8,,
ECONPIBN,Gross domestic product (GDP),PPPPERMT,"/capita, US$ purchasing power parity",HUN,Hungary,2011,2011,23038.8,,
ECONPIBN,Gross domestic product (GDP),PPPPERMT,"/capita, US$ purchasing power parity",HUN,Hungary,2012,2012,23275.2,,
ECONPIBN,Gross domestic product (GDP),PPPPERMT,"/capita, US$ purchasing power parity",HUN,Hungary,2013,2013,24556.7,,
ECONPIBN,Gross domestic product (GDP),PPPPERMT,"/capita, US$ purchasing power parity",HUN,Hungary,2014,2014,25699.8,,
ECONPIBN,Gross domestic product (GDP),PPPPERMT,"/capita, US$ purchasing power parity",HUN,Hungary,2015,2015,26806.6,,
ECONPIBN,Gross domestic product (GDP),PPPPERMT,"/capita, US$ purchasing power parity",HUN,Hungary,2016,2016,27947.6,,
ECONPIBN,Gross domestic product (GDP),PPPPERMT,"/capita, US$ purchasing power parity",HUN,Hungary,2017,2017,29501.1,,
ECONPIBN,Gross domestic product (GDP),PPPPERMT,"/capita, US$ purchasing power parity",HUN,Hungary,2018,2018,31913.1,,
ECONPIBN,Gross domestic product (GDP),PPPPERMT,"/capita, US$ purchasing power parity",HUN,Hungary,2019,2019,33514.9,,
ECONPIBN,Gross domestic product (GDP),PPPPERMT,"/capita, US$ purchasing power parity",HUN,Hungary,2020,2020,33274.3,,
ECONPIBN,Gross domestic product (GDP),PPPPERMT,"/capita, US$ purchasing power parity",ISL,Iceland,2005,2005,37322.7,,
ECONPIBN,Gross domestic product (GDP),PPPPERMT,"/capita, US$ purchasing power parity",ISL,Iceland,2006,2006,39700.3,,
ECONPIBN,Gross domestic product (GDP),PPPPERMT,"/capita, US$ purchasing power parity",ISL,Iceland,2007,2007,41463.4,,
ECONPIBN,Gross domestic product (GDP),PPPPERMT,"/capita, US$ purchasing power parity",ISL,Iceland,2008,2008,43728.1,,
ECONPIBN,Gross domestic product (GDP),PPPPERMT,"/capita, US$ purchasing power parity",ISL,Iceland,2009,2009,41864.2,,
ECONPIBN,Gross domestic product (GDP),PPPPERMT,"/capita, US$ purchasing power parity",ISL,Iceland,2010,2010,39775.3,,
ECONPIBN,Gross domestic product (GDP),PPPPERMT,"/capita, US$ purchasing power parity",ISL,Iceland,2011,2011,40936.9,,
ECONPIBN,Gross domestic product (GDP),PPPPERMT,"/capita, US$ purchasing power parity",ISL,Iceland,2012,2012,42004.4,,
ECONPIBN,Gross domestic product (GDP),PPPPERMT,"/capita, US$ purchasing power parity",ISL,Iceland,2013,2013,44409.7,,
ECONPIBN,Gross domestic product (GDP),PPPPERMT,"/capita, US$ purchasing power parity",ISL,Iceland,2014,2014,45997,,
ECONPIBN,Gross domestic product (GDP),PPPPERMT,"/capita, US$ purchasing power parity",ISL,Iceland,2015,2015,49201.1,,
ECONPIBN,Gross domestic product (GDP),PPPPERMT,"/capita, US$ purchasing power parity",ISL,Iceland,2016,2016,53480.4,,
ECONPIBN,Gross domestic product (GDP),PPPPERMT,"/capita, US$ purchasing power parity",ISL,Iceland,2017,2017,55638.5,,
ECONPIBN,Gross domestic product (GDP),PPPPERMT,"/capita, US$ purchasing power parity",ISL,Iceland,2018,2018,57211.3,,
ECONPIBN,Gross domestic product (GDP),PPPPERMT,"/capita, US$ purchasing power parity",ISL,Iceland,2019,2019,58290.1,,
ECONPIBN,Gross domestic product (GDP),PPPPERMT,"/capita, US$ purchasing power parity",ISL,Iceland,2020,2020,53616.7,,
ECONPIBN,Gross domestic product (GDP),PPPPERMT,"/capita, US$ purchasing power parity",IRL,Ireland,2005,2005,40466.3,,
ECONPIBN,Gross domestic product (GDP),PPPPERMT,"/capita, US$ purchasing power parity",IRL,Ireland,2006,2006,44226.7,,
ECONPIBN,Gross domestic product (GDP),PPPPERMT,"/capita, US$ purchasing power parity",IRL,Ireland,2007,2007,46773.5,,
ECONPIBN,Gross domestic product (GDP),PPPPERMT,"/capita, US$ purchasing power parity",IRL,Ireland,2008,2008,44169.1,,
ECONPIBN,Gross domestic product (GDP),PPPPERMT,"/capita, US$ purchasing power parity",IRL,Ireland,2009,2009,41471.1,,
ECONPIBN,Gross domestic product (GDP),PPPPERMT,"/capita, US$ purchasing power parity",IRL,Ireland,2010,2010,43203.1,,
ECONPIBN,Gross domestic product (GDP),PPPPERMT,"/capita, US$ purchasing power parity",IRL,Ireland,2011,2011,45080.2,,
ECONPIBN,Gross domestic product (GDP),PPPPERMT,"/capita, US$ purchasing power parity",IRL,Ireland,2012,2012,46361.5,,
ECONPIBN,Gross domestic product (GDP),PPPPERMT,"/capita, US$ purchasing power parity",IRL,Ireland,2013,2013,47830.6,,
ECONPIBN,Gross domestic product (GDP),PPPPERMT,"/capita, US$ purchasing power parity",IRL,Ireland,2014,2014,51098.3,,
ECONPIBN,Gross domestic product (GDP),PPPPERMT,"/capita, US$ purchasing power parity",IRL,Ireland,2015,2015,69028.8,,
ECONPIBN,Gross domestic product (GDP),PPPPERMT,"/capita, US$ purchasing power parity",IRL,Ireland,2016,2016,71498.6,,
ECONPIBN,Gross domestic product (GDP),PPPPERMT,"/capita, US$ purchasing power parity",IRL,Ireland,2017,2017,77749.2,,
ECONPIBN,Gross domestic product (GDP),PPPPERMT,"/capita, US$ purchasing power parity",IRL,Ireland,2018,2018,84555.6,,
ECONPIBN,Gross domestic product (GDP),PPPPERMT,"/capita, US$ purchasing power parity",IRL,Ireland,2019,2019,87379.7,,
ECONPIBN,Gross domestic product (GDP),PPPPERMT,"/capita, US$ purchasing power parity",IRL,Ireland,2020,2020,93355.6,,
ECONPIBN,Gross domestic product (GDP),PPPPERMT,"/capita, US$ purchasing power parity",ITA,Italy,2005,2005,30130.6,,
ECONPIBN,Gross domestic product (GDP),PPPPERMT,"/capita, US$ purchasing power parity",ITA,Italy,2006,2006,32453.6,,
ECONPIBN,Gross domestic product (GDP),PPPPERMT,"/capita, US$ purchasing power parity",ITA,Italy,2007,2007,34141.2,,
ECONPIBN,Gross domestic product (GDP),PPPPERMT,"/capita, US$ purchasing power parity",ITA,Italy,2008,2008,35523.3,,
ECONPIBN,Gross domestic product (GDP),PPPPERMT,"/capita, US$ purchasing power parity",ITA,Italy,2009,2009,34602.9,,
ECONPIBN,Gross domestic product (GDP),PPPPERMT,"/capita, US$ purchasing power parity",ITA,Italy,2010,2010,35158.4,,
ECONPIBN,Gross domestic product (GDP),PPPPERMT,"/capita, US$ purchasing power parity",ITA,Italy,2011,2011,36598,,
ECONPIBN,Gross domestic product (GDP),PPPPERMT,"/capita, US$ purchasing power parity",ITA,Italy,2012,2012,36486.3,,
ECONPIBN,Gross domestic product (GDP),PPPPERMT,"/capita, US$ purchasing power parity",ITA,Italy,2013,2013,36314.7,,
ECONPIBN,Gross domestic product (GDP),PPPPERMT,"/capita, US$ purchasing power parity",ITA,Italy,2014,2014,36194.9,,
ECONPIBN,Gross domestic product (GDP),PPPPERMT,"/capita, US$ purchasing power parity",ITA,Italy,2015,2015,36899.4,,
ECONPIBN,Gross domestic product (GDP),PPPPERMT,"/capita, US$ purchasing power parity",ITA,Italy,2016,2016,39927,,
ECONPIBN,Gross domestic product (GDP),PPPPERMT,"/capita, US$ purchasing power parity",ITA,Italy,2017,2017,41581.1,,
ECONPIBN,Gross domestic product (GDP),PPPPERMT,"/capita, US$ purchasing power parity",ITA,Italy,2018,2018,43036.2,,
ECONPIBN,Gross domestic product (GDP),PPPPERMT,"/capita, US$ purchasing power parity",ITA,Italy,2019,2019,44376.2,,
ECONPIBN,Gross domestic product (GDP),PPPPERMT,"/capita, US$ purchasing power parity",ITA,Italy,2020,2020,41995.4,,
ECONPIBN,Gross domestic product (GDP),PPPPERMT,"/capita, US$ purchasing power parity",JPN,Japan,2005,2005,32171.1,,
ECONPIBN,Gross domestic product (GDP),PPPPERMT,"/capita, US$ purchasing power parity",JPN,Japan,2006,2006,33622.4,,
ECONPIBN,Gross domestic product (GDP),PPPPERMT,"/capita, US$ purchasing power parity",JPN,Japan,2007,2007,35007.3,,
ECONPIBN,Gross domestic product (GDP),PPPPERMT,"/capita, US$ purchasing power parity",JPN,Japan,2008,2008,35268,,
ECONPIBN,Gross domestic product (GDP),PPPPERMT,"/capita, US$ purchasing power parity",JPN,Japan,2009,2009,33551.3,,
ECONPIBN,Gross domestic product (GDP),PPPPERMT,"/capita, US$ purchasing power parity",JPN,Japan,2010,2010,35338.9,,
ECONPIBN,Gross domestic product (GDP),PPPPERMT,"/capita, US$ purchasing power parity",JPN,Japan,2011,2011,36214.1,,
ECONPIBN,Gross domestic product (GDP),PPPPERMT,"/capita, US$ purchasing power parity",JPN,Japan,2012,2012,37616.7,,
ECONPIBN,Gross domestic product (GDP),PPPPERMT,"/capita, US$ purchasing power parity",JPN,Japan,2013,2013,39411.6,,
ECONPIBN,Gross domestic product (GDP),PPPPERMT,"/capita, US$ purchasing power parity",JPN,Japan,2014,2014,39567.5,,
ECONPIBN,Gross domestic product (GDP),PPPPERMT,"/capita, US$ purchasing power parity",JPN,Japan,2015,2015,40913.7,,
ECONPIBN,Gross domestic product (GDP),PPPPERMT,"/capita, US$ purchasing power parity",JPN,Japan,2016,2016,40642.8,,
ECONPIBN,Gross domestic product (GDP),PPPPERMT,"/capita, US$ purchasing power parity",JPN,Japan,2017,2017,41531.2,,
ECONPIBN,Gross domestic product (GDP),PPPPERMT,"/capita, US$ purchasing power parity",JPN,Japan,2018,2018,42239,,
ECONPIBN,Gross domestic product (GDP),PPPPERMT,"/capita, US$ purchasing power parity",JPN,Japan,2019,2019,42438.7,,
ECONPIBN,Gross domestic product (GDP),PPPPERMT,"/capita, US$ purchasing power parity",JPN,Japan,2020,2020,42138.6,,
ECONPIBN,Gross domestic product (GDP),PPPPERMT,"/capita, US$ purchasing power parity",KOR,Korea,2005,2005,25186.9,,
ECONPIBN,Gross domestic product (GDP),PPPPERMT,"/capita, US$ purchasing power parity",KOR,Korea,2006,2006,26884.3,,
ECONPIBN,Gross domestic product (GDP),PPPPERMT,"/capita, US$ purchasing power parity",KOR,Korea,2007,2007,29064.9,,
ECONPIBN,Gross domestic product (GDP),PPPPERMT,"/capita, US$ purchasing power parity",KOR,Korea,2008,2008,29946.1,,
ECONPIBN,Gross domestic product (GDP),PPPPERMT,"/capita, US$ purchasing power parity",KOR,Korea,2009,2009,29508.4,,
ECONPIBN,Gross domestic product (GDP),PPPPERMT,"/capita, US$ purchasing power parity",KOR,Korea,2010,2010,31736.6,,
ECONPIBN,Gross domestic product (GDP),PPPPERMT,"/capita, US$ purchasing power parity",KOR,Korea,2011,2011,32546.8,,
ECONPIBN,Gross domestic product (GDP),PPPPERMT,"/capita, US$ purchasing power parity",KOR,Korea,2012,2012,33557.1,,
ECONPIBN,Gross domestic product (GDP),PPPPERMT,"/capita, US$ purchasing power parity",KOR,Korea,2013,2013,34244.3,,
ECONPIBN,Gross domestic product (GDP),PPPPERMT,"/capita, US$ purchasing power parity",KOR,Korea,2014,2014,35324.5,,
ECONPIBN,Gross domestic product (GDP),PPPPERMT,"/capita, US$ purchasing power parity",KOR,Korea,2015,2015,37902.4,,
ECONPIBN,Gross domestic product (GDP),PPPPERMT,"/capita, US$ purchasing power parity",KOR,Korea,2016,2016,39575.5,,
ECONPIBN,Gross domestic product (GDP),PPPPERMT,"/capita, US$ purchasing power parity",KOR,Korea,2017,2017,40957.4,,
ECONPIBN,Gross domestic product (GDP),PPPPERMT,"/capita, US$ purchasing power parity",KOR,Korea,2018,2018,43044.3,,
ECONPIBN,Gross domestic product (GDP),PPPPERMT,"/capita, US$ purchasing power parity",KOR,Korea,2019,2019,42998.4,,
ECONPIBN,Gross domestic product (GDP),PPPPERMT,"/capita, US$ purchasing power parity",KOR,Korea,2020,2020,45225.8,,
ECONPIBN,Gross domestic product (GDP),PPPPERMT,"/capita, US$ purchasing power parity",LUX,Luxembourg,2005,2005,68787.9,,
ECONPIBN,Gross domestic product (GDP),PPPPERMT,"/capita, US$ purchasing power parity",LUX,Luxembourg,2006,2006,78878.5,,
ECONPIBN,Gross domestic product (GDP),PPPPERMT,"/capita, US$ purchasing power parity",LUX,Luxembourg,2007,2007,85109.9,,
ECONPIBN,Gross domestic product (GDP),PPPPERMT,"/capita, US$ purchasing power parity",LUX,Luxembourg,2008,2008,90970.7,,
ECONPIBN,Gross domestic product (GDP),PPPPERMT,"/capita, US$ purchasing power parity",LUX,Luxembourg,2009,2009,86875.9,,
ECONPIBN,Gross domestic product (GDP),PPPPERMT,"/capita, US$ purchasing power parity",LUX,Luxembourg,2010,2010,90361.8,,
ECONPIBN,Gross domestic product (GDP),PPPPERMT,"/capita, US$ purchasing power parity",LUX,Luxembourg,2011,2011,94475,,
ECONPIBN,Gross domestic product (GDP),PPPPERMT,"/capita, US$ purchasing power parity",LUX,Luxembourg,2012,2012,96636.4,,
ECONPIBN,Gross domestic product (GDP),PPPPERMT,"/capita, US$ purchasing power parity",LUX,Luxembourg,2013,2013,100925,,
ECONPIBN,Gross domestic product (GDP),PPPPERMT,"/capita, US$ purchasing power parity",LUX,Luxembourg,2014,2014,105296.3,,
ECONPIBN,Gross domestic product (GDP),PPPPERMT,"/capita, US$ purchasing power parity",LUX,Luxembourg,2015,2015,107859.7,,
ECONPIBN,Gross domestic product (GDP),PPPPERMT,"/capita, US$ purchasing power parity",LUX,Luxembourg,2016,2016,113084.6,,
ECONPIBN,Gross domestic product (GDP),PPPPERMT,"/capita, US$ purchasing power parity",LUX,Luxembourg,2017,2017,114985.8,,
ECONPIBN,Gross domestic product (GDP),PPPPERMT,"/capita, US$ purchasing power parity",LUX,Luxembourg,2018,2018,116965.6,,
ECONPIBN,Gross domestic product (GDP),PPPPERMT,"/capita, US$ purchasing power parity",LUX,Luxembourg,2019,2019,117341.9,,
ECONPIBN,Gross domestic product (GDP),PPPPERMT,"/capita, US$ purchasing power parity",LUX,Luxembourg,2020,2020,117846.1,,
ECONPIBN,Gross domestic product (GDP),PPPPERMT,"/capita, US$ purchasing power parity",MEX,Mexico,2005,2005,12697.9,,
ECONPIBN,Gross domestic product (GDP),PPPPERMT,"/capita, US$ purchasing power parity",MEX,Mexico,2006,2006,13865.1,,
ECONPIBN,Gross domestic product (GDP),PPPPERMT,"/capita, US$ purchasing power parity",MEX,Mexico,2007,2007,14353.2,,
ECONPIBN,Gross domestic product (GDP),PPPPERMT,"/capita, US$ purchasing power parity",MEX,Mexico,2008,2008,14980.2,,
ECONPIBN,Gross domestic product (GDP),PPPPERMT,"/capita, US$ purchasing power parity",MEX,Mexico,2009,2009,14595.5,,
ECONPIBN,Gross domestic product (GDP),PPPPERMT,"/capita, US$ purchasing power parity",MEX,Mexico,2010,2010,15301.2,,
ECONPIBN,Gross domestic product (GDP),PPPPERMT,"/capita, US$ purchasing power parity",MEX,Mexico,2011,2011,16567.2,,
ECONPIBN,Gross domestic product (GDP),PPPPERMT,"/capita, US$ purchasing power parity",MEX,Mexico,2012,2012,17212.6,,
ECONPIBN,Gross domestic product (GDP),PPPPERMT,"/capita, US$ purchasing power parity",MEX,Mexico,2013,2013,17428.6,,
ECONPIBN,Gross domestic product (GDP),PPPPERMT,"/capita, US$ purchasing power parity",MEX,Mexico,2014,2014,18119.8,,
ECONPIBN,Gross domestic product (GDP),PPPPERMT,"/capita, US$ purchasing power parity",MEX,Mexico,2015,2015,18378.5,,
ECONPIBN,Gross domestic product (GDP),PPPPERMT,"/capita, US$ purchasing power parity",MEX,Mexico,2016,2016,19421,,
ECONPIBN,Gross domestic product (GDP),PPPPERMT,"/capita, US$ purchasing power parity",MEX,Mexico,2017,2017,19838.2,,
ECONPIBN,Gross domestic product (GDP),PPPPERMT,"/capita, US$ purchasing power parity",MEX,Mexico,2018,2018,20234.5,,
ECONPIBN,Gross domestic product (GDP),PPPPERMT,"/capita, US$ purchasing power parity",MEX,Mexico,2019,2019,20019.1,,
ECONPIBN,Gross domestic product (GDP),PPPPERMT,"/capita, US$ purchasing power parity",MEX,Mexico,2020,2020,18837.4,,
ECONPIBN,Gross domestic product (GDP),PPPPERMT,"/capita, US$ purchasing power parity",NLD,Netherlands,2005,2005,37625.6,,
ECONPIBN,Gross domestic product (GDP),PPPPERMT,"/capita, US$ purchasing power parity",NLD,Netherlands,2006,2006,41013.8,,
ECONPIBN,Gross domestic product (GDP),PPPPERMT,"/capita, US$ purchasing power parity",NLD,Netherlands,2007,2007,43939.1,,
ECONPIBN,Gross domestic product (GDP),PPPPERMT,"/capita, US$ purchasing power parity",NLD,Netherlands,2008,2008,46420.2,,
ECONPIBN,Gross domestic product (GDP),PPPPERMT,"/capita, US$ purchasing power parity",NLD,Netherlands,2009,2009,44556.9,,
ECONPIBN,Gross domestic product (GDP),PPPPERMT,"/capita, US$ purchasing power parity",NLD,Netherlands,2010,2010,45043.9,,
ECONPIBN,Gross domestic product (GDP),PPPPERMT,"/capita, US$ purchasing power parity",NLD,Netherlands,2011,2011,46599,,
ECONPIBN,Gross domestic product (GDP),PPPPERMT,"/capita, US$ purchasing power parity",NLD,Netherlands,2012,2012,47272.1,,
ECONPIBN,Gross domestic product (GDP),PPPPERMT,"/capita, US$ purchasing power parity",NLD,Netherlands,2013,2013,49241.5,,
ECONPIBN,Gross domestic product (GDP),PPPPERMT,"/capita, US$ purchasing power parity",NLD,Netherlands,2014,2014,49233.2,,
ECONPIBN,Gross domestic product (GDP),PPPPERMT,"/capita, US$ purchasing power parity",NLD,Netherlands,2015,2015,50288.6,,
ECONPIBN,Gross domestic product (GDP),PPPPERMT,"/capita, US$ purchasing power parity",NLD,Netherlands,2016,2016,52288.4,,
ECONPIBN,Gross domestic product (GDP),PPPPERMT,"/capita, US$ purchasing power parity",NLD,Netherlands,2017,2017,55088.6,,
ECONPIBN,Gross domestic product (GDP),PPPPERMT,"/capita, US$ purchasing power parity",NLD,Netherlands,2018,2018,57826.6,,
ECONPIBN,Gross domestic product (GDP),PPPPERMT,"/capita, US$ purchasing power parity",NLD,Netherlands,2019,2019,59004.3,,
ECONPIBN,Gross domestic product (GDP),PPPPERMT,"/capita, US$ purchasing power parity",NLD,Netherlands,2020,2020,59266.9,,
ECONPIBN,Gross domestic product (GDP),PPPPERMT,"/capita, US$ purchasing power parity",NZL,New Zealand,2005,2005,25677.4,,
ECONPIBN,Gross domestic product (GDP),PPPPERMT,"/capita, US$ purchasing power parity",NZL,New Zealand,2006,2006,27755.5,,
ECONPIBN,Gross domestic product (GDP),PPPPERMT,"/capita, US$ purchasing power parity",NZL,New Zealand,2007,2007,29369.8,,
ECONPIBN,Gross domestic product (GDP),PPPPERMT,"/capita, US$ purchasing power parity",NZL,New Zealand,2008,2008,29827.1,,
ECONPIBN,Gross domestic product (GDP),PPPPERMT,"/capita, US$ purchasing power parity",NZL,New Zealand,2009,2009,30681.2,,
ECONPIBN,Gross domestic product (GDP),PPPPERMT,"/capita, US$ purchasing power parity",NZL,New Zealand,2010,2010,31222.5,,
ECONPIBN,Gross domestic product (GDP),PPPPERMT,"/capita, US$ purchasing power parity",NZL,New Zealand,2011,2011,32701.4,,
ECONPIBN,Gross domestic product (GDP),PPPPERMT,"/capita, US$ purchasing power parity",NZL,New Zealand,2012,2012,32988.6,,
ECONPIBN,Gross domestic product (GDP),PPPPERMT,"/capita, US$ purchasing power parity",NZL,New Zealand,2013,2013,36242.6,,
ECONPIBN,Gross domestic product (GDP),PPPPERMT,"/capita, US$ purchasing power parity",NZL,New Zealand,2014,2014,37293.4,,
ECONPIBN,Gross domestic product (GDP),PPPPERMT,"/capita, US$ purchasing power parity",NZL,New Zealand,2015,2015,37479.7,,
ECONPIBN,Gross domestic product (GDP),PPPPERMT,"/capita, US$ purchasing power parity",NZL,New Zealand,2016,2016,39933.6,,
ECONPIBN,Gross domestic product (GDP),PPPPERMT,"/capita, US$ purchasing power parity",NZL,New Zealand,2017,2017,42218.5,,
ECONPIBN,Gross domestic product (GDP),PPPPERMT,"/capita, US$ purchasing power parity",NZL,New Zealand,2018,2018,42520.8,,
ECONPIBN,Gross domestic product (GDP),PPPPERMT,"/capita, US$ purchasing power parity",NZL,New Zealand,2019,2019,45554.8,,
ECONPIBN,Gross domestic product (GDP),PPPPERMT,"/capita, US$ purchasing power parity",NZL,New Zealand,2020,2020,44657.8,,
ECONPIBN,Gross domestic product (GDP),PPPPERMT,"/capita, US$ purchasing power parity",NOR,Norway,2005,2005,47797.5,,
ECONPIBN,Gross domestic product (GDP),PPPPERMT,"/capita, US$ purchasing power parity",NOR,Norway,2006,2006,54160.5,,
ECONPIBN,Gross domestic product (GDP),PPPPERMT,"/capita, US$ purchasing power parity",NOR,Norway,2007,2007,55930.5,,
ECONPIBN,Gross domestic product (GDP),PPPPERMT,"/capita, US$ purchasing power parity",NOR,Norway,2008,2008,61716.6,,
ECONPIBN,Gross domestic product (GDP),PPPPERMT,"/capita, US$ purchasing power parity",NOR,Norway,2009,2009,55364.2,,
ECONPIBN,Gross domestic product (GDP),PPPPERMT,"/capita, US$ purchasing power parity",NOR,Norway,2010,2010,57919.7,,
ECONPIBN,Gross domestic product (GDP),PPPPERMT,"/capita, US$ purchasing power parity",NOR,Norway,2011,2011,62076.7,,
ECONPIBN,Gross domestic product (GDP),PPPPERMT,"/capita, US$ purchasing power parity",NOR,Norway,2012,2012,65354.8,,
ECONPIBN,Gross domestic product (GDP),PPPPERMT,"/capita, US$ purchasing power parity",NOR,Norway,2013,2013,66961.3,,
ECONPIBN,Gross domestic product (GDP),PPPPERMT,"/capita, US$ purchasing power parity",NOR,Norway,2014,2014,65892.7,,
ECONPIBN,Gross domestic product (GDP),PPPPERMT,"/capita, US$ purchasing power parity",NOR,Norway,2015,2015,60368.9,,
ECONPIBN,Gross domestic product (GDP),PPPPERMT,"/capita, US$ purchasing power parity",NOR,Norway,2016,2016,58939.9,,
ECONPIBN,Gross domestic product (GDP),PPPPERMT,"/capita, US$ purchasing power parity",NOR,Norway,2017,2017,64050.8,,
ECONPIBN,Gross domestic product (GDP),PPPPERMT,"/capita, US$ purchasing power parity",NOR,Norway,2018,2018,69808.3,,
ECONPIBN,Gross domestic product (GDP),PPPPERMT,"/capita, US$ purchasing power parity",NOR,Norway,2019,2019,66799.2,,
ECONPIBN,Gross domestic product (GDP),PPPPERMT,"/capita, US$ purchasing power parity",NOR,Norway,2020,2020,62644.8,,
ECONPIBN,Gross domestic product (GDP),PPPPERMT,"/capita, US$ purchasing power parity",POL,Poland,2005,2005,13896.8,,
ECONPIBN,Gross domestic product (GDP),PPPPERMT,"/capita, US$ purchasing power parity",POL,Poland,2006,2006,15152.3,,
ECONPIBN,Gross domestic product (GDP),PPPPERMT,"/capita, US$ purchasing power parity",POL,Poland,2007,2007,16802.8,,
ECONPIBN,Gross domestic product (GDP),PPPPERMT,"/capita, US$ purchasing power parity",POL,Poland,2008,2008,18303.4,,
ECONPIBN,Gross domestic product (GDP),PPPPERMT,"/capita, US$ purchasing power parity",POL,Poland,2009,2009,19239.9,,
ECONPIBN,Gross domestic product (GDP),PPPPERMT,"/capita, US$ purchasing power parity",POL,Poland,2010,2010,21072.5,,
ECONPIBN,Gross domestic product (GDP),PPPPERMT,"/capita, US$ purchasing power parity",POL,Poland,2011,2011,22827.7,,
ECONPIBN,Gross domestic product (GDP),PPPPERMT,"/capita, US$ purchasing power parity",POL,Poland,2012,2012,23745.7,,
ECONPIBN,Gross domestic product (GDP),PPPPERMT,"/capita, US$ purchasing power parity",POL,Poland,2013,2013,24567.5,,
ECONPIBN,Gross domestic product (GDP),PPPPERMT,"/capita, US$ purchasing power parity",POL,Poland,2014,2014,25475.5,,
ECONPIBN,Gross domestic product (GDP),PPPPERMT,"/capita, US$ purchasing power parity",POL,Poland,2015,2015,26862.1,,
ECONPIBN,Gross domestic product (GDP),PPPPERMT,"/capita, US$ purchasing power parity",POL,Poland,2016,2016,28322.1,,
ECONPIBN,Gross domestic product (GDP),PPPPERMT,"/capita, US$ purchasing power parity",POL,Poland,2017,2017,30064.5,,
ECONPIBN,Gross domestic product (GDP),PPPPERMT,"/capita, US$ purchasing power parity",POL,Poland,2018,2018,31953,,
ECONPIBN,Gross domestic product (GDP),PPPPERMT,"/capita, US$ purchasing power parity",POL,Poland,2019,2019,33797.8,,
ECONPIBN,Gross domestic product (GDP),PPPPERMT,"/capita, US$ purchasing power parity",POL,Poland,2020,2020,34468.8,,
ECONPIBN,Gross domestic product (GDP),PPPPERMT,"/capita, US$ purchasing power parity",PRT,Portugal,2005,2005,22725.3,,
ECONPIBN,Gross domestic product (GDP),PPPPERMT,"/capita, US$ purchasing power parity",PRT,Portugal,2006,2006,24682.7,,
ECONPIBN,Gross domestic product (GDP),PPPPERMT,"/capita, US$ purchasing power parity",PRT,Portugal,2007,2007,25733.1,,
ECONPIBN,Gross domestic product (GDP),PPPPERMT,"/capita, US$ purchasing power parity",PRT,Portugal,2008,2008,26665.8,,
ECONPIBN,Gross domestic product (GDP),PPPPERMT,"/capita, US$ purchasing power parity",PRT,Portugal,2009,2009,26458.9,,
ECONPIBN,Gross domestic product (GDP),PPPPERMT,"/capita, US$ purchasing power parity",PRT,Portugal,2010,2010,27262,,
ECONPIBN,Gross domestic product (GDP),PPPPERMT,"/capita, US$ purchasing power parity",PRT,Portugal,2011,2011,26769.5,,
ECONPIBN,Gross domestic product (GDP),PPPPERMT,"/capita, US$ purchasing power parity",PRT,Portugal,2012,2012,26438,,
ECONPIBN,Gross domestic product (GDP),PPPPERMT,"/capita, US$ purchasing power parity",PRT,Portugal,2013,2013,27936,,
ECONPIBN,Gross domestic product (GDP),PPPPERMT,"/capita, US$ purchasing power parity",PRT,Portugal,2014,2014,28742.4,,
ECONPIBN,Gross domestic product (GDP),PPPPERMT,"/capita, US$ purchasing power parity",PRT,Portugal,2015,2015,29660.9,,
ECONPIBN,Gross domestic product (GDP),PPPPERMT,"/capita, US$ purchasing power parity",PRT,Portugal,2016,2016,31607.8,,
ECONPIBN,Gross domestic product (GDP),PPPPERMT,"/capita, US$ purchasing power parity",PRT,Portugal,2017,2017,33044.7,,
ECONPIBN,Gross domestic product (GDP),PPPPERMT,"/capita, US$ purchasing power parity",PRT,Portugal,2018,2018,34928.5,,
ECONPIBN,Gross domestic product (GDP),PPPPERMT,"/capita, US$ purchasing power parity",PRT,Portugal,2019,2019,36172.1,,
ECONPIBN,Gross domestic product (GDP),PPPPERMT,"/capita, US$ purchasing power parity",PRT,Portugal,2020,2020,34177.1,,
ECONPIBN,Gross domestic product (GDP),PPPPERMT,"/capita, US$ purchasing power parity",SVK,Slovak Republic,2005,2005,16639.5,,
ECONPIBN,Gross domestic product (GDP),PPPPERMT,"/capita, US$ purchasing power parity",SVK,Slovak Republic,2006,2006,18914,,
ECONPIBN,Gross domestic product (GDP),PPPPERMT,"/capita, US$ purchasing power parity",SVK,Slovak Republic,2007,2007,21222.4,,
ECONPIBN,Gross domestic product (GDP),PPPPERMT,"/capita, US$ purchasing power parity",SVK,Slovak Republic,2008,2008,23725.9,,
ECONPIBN,Gross domestic product (GDP),PPPPERMT,"/capita, US$ purchasing power parity",SVK,Slovak Republic,2009,2009,23080.6,,
ECONPIBN,Gross domestic product (GDP),PPPPERMT,"/capita, US$ purchasing power parity",SVK,Slovak Republic,2010,2010,25302.2,,
ECONPIBN,Gross domestic product (GDP),PPPPERMT,"/capita, US$ purchasing power parity",SVK,Slovak Republic,2011,2011,26145.9,,
ECONPIBN,Gross domestic product (GDP),PPPPERMT,"/capita, US$ purchasing power parity",SVK,Slovak Republic,2012,2012,26888.3,,
ECONPIBN,Gross domestic product (GDP),PPPPERMT,"/capita, US$ purchasing power parity",SVK,Slovak Republic,2013,2013,27915.4,,
ECONPIBN,Gross domestic product (GDP),PPPPERMT,"/capita, US$ purchasing power parity",SVK,Slovak Republic,2014,2014,28929.5,,
ECONPIBN,Gross domestic product (GDP),PPPPERMT,"/capita, US$ purchasing power parity",SVK,Slovak Republic,2015,2015,29964.9,,
ECONPIBN,Gross domestic product (GDP),PPPPERMT,"/capita, US$ purchasing power parity",SVK,Slovak Republic,2016,2016,29645.7,,
ECONPIBN,Gross domestic product (GDP),PPPPERMT,"/capita, US$ purchasing power parity",SVK,Slovak Republic,2017,2017,30061.6,,
ECONPIBN,Gross domestic product (GDP),PPPPERMT,"/capita, US$ purchasing power parity",SVK,Slovak Republic,2018,2018,31214.6,,
ECONPIBN,Gross domestic product (GDP),PPPPERMT,"/capita, US$ purchasing power parity",SVK,Slovak Republic,2019,2019,31966.6,,
ECONPIBN,Gross domestic product (GDP),PPPPERMT,"/capita, US$ purchasing power parity",SVK,Slovak Republic,2020,2020,31356.5,,
ECONPIBN,Gross domestic product (GDP),PPPPERMT,"/capita, US$ purchasing power parity",ESP,Spain,2005,2005,27606.9,,
ECONPIBN,Gross domestic product (GDP),PPPPERMT,"/capita, US$ purchasing power parity",ESP,Spain,2006,2006,30720.2,,
ECONPIBN,Gross domestic product (GDP),PPPPERMT,"/capita, US$ purchasing power parity",ESP,Spain,2007,2007,32469.5,,
ECONPIBN,Gross domestic product (GDP),PPPPERMT,"/capita, US$ purchasing power parity",ESP,Spain,2008,2008,33263.3,,
ECONPIBN,Gross domestic product (GDP),PPPPERMT,"/capita, US$ purchasing power parity",ESP,Spain,2009,2009,32092.4,,
ECONPIBN,Gross domestic product (GDP),PPPPERMT,"/capita, US$ purchasing power parity",ESP,Spain,2010,2010,31682.7,,
ECONPIBN,Gross domestic product (GDP),PPPPERMT,"/capita, US$ purchasing power parity",ESP,Spain,2011,2011,31868,,
ECONPIBN,Gross domestic product (GDP),PPPPERMT,"/capita, US$ purchasing power parity",ESP,Spain,2012,2012,31720.1,,
ECONPIBN,Gross domestic product (GDP),PPPPERMT,"/capita, US$ purchasing power parity",ESP,Spain,2013,2013,32434,,
ECONPIBN,Gross domestic product (GDP),PPPPERMT,"/capita, US$ purchasing power parity",ESP,Spain,2014,2014,33525.7,,
ECONPIBN,Gross domestic product (GDP),PPPPERMT,"/capita, US$ purchasing power parity",ESP,Spain,2015,2015,34903.1,,
ECONPIBN,Gross domestic product (GDP),PPPPERMT,"/capita, US$ purchasing power parity",ESP,Spain,2016,2016,37286.2,,
ECONPIBN,Gross domestic product (GDP),PPPPERMT,"/capita, US$ purchasing power parity",ESP,Spain,2017,2017,39528.9,,
ECONPIBN,Gross domestic product (GDP),PPPPERMT,"/capita, US$ purchasing power parity",ESP,Spain,2018,2018,40696.4,,
ECONPIBN,Gross domestic product (GDP),PPPPERMT,"/capita, US$ purchasing power parity",ESP,Spain,2019,2019,41695.1,,
ECONPIBN,Gross domestic product (GDP),PPPPERMT,"/capita, US$ purchasing power parity",ESP,Spain,2020,2020,37754.6,,
ECONPIBN,Gross domestic product (GDP),PPPPERMT,"/capita, US$ purchasing power parity",SWE,Sweden,2005,2005,34244.5,,
ECONPIBN,Gross domestic product (GDP),PPPPERMT,"/capita, US$ purchasing power parity",SWE,Sweden,2006,2006,37730.2,,
ECONPIBN,Gross domestic product (GDP),PPPPERMT,"/capita, US$ purchasing power parity",SWE,Sweden,2007,2007,40905.1,,
ECONPIBN,Gross domestic product (GDP),PPPPERMT,"/capita, US$ purchasing power parity",SWE,Sweden,2008,2008,42158.3,,
ECONPIBN,Gross domestic product (GDP),PPPPERMT,"/capita, US$ purchasing power parity",SWE,Sweden,2009,2009,40279.5,,
ECONPIBN,Gross domestic product (GDP),PPPPERMT,"/capita, US$ purchasing power parity",SWE,Sweden,2010,2010,42223.9,,
ECONPIBN,Gross domestic product (GDP),PPPPERMT,"/capita, US$ purchasing power parity",SWE,Sweden,2011,2011,44608.6,,
ECONPIBN,Gross domestic product (GDP),PPPPERMT,"/capita, US$ purchasing power parity",SWE,Sweden,2012,2012,45432.4,,
ECONPIBN,Gross domestic product (GDP),PPPPERMT,"/capita, US$ purchasing power parity",SWE,Sweden,2013,2013,46312.4,,
ECONPIBN,Gross domestic product (GDP),PPPPERMT,"/capita, US$ purchasing power parity",SWE,Sweden,2014,2014,47184.7,,
ECONPIBN,Gross domestic product (GDP),PPPPERMT,"/capita, US$ purchasing power parity",SWE,Sweden,2015,2015,49103.1,,
ECONPIBN,Gross domestic product (GDP),PPPPERMT,"/capita, US$ purchasing power parity",SWE,Sweden,2016,2016,50430.3,,
ECONPIBN,Gross domestic product (GDP),PPPPERMT,"/capita, US$ purchasing power parity",SWE,Sweden,2017,2017,51948,,
ECONPIBN,Gross domestic product (GDP),PPPPERMT,"/capita, US$ purchasing power parity",SWE,Sweden,2018,2018,53521.6,,
ECONPIBN,Gross domestic product (GDP),PPPPERMT,"/capita, US$ purchasing power parity",SWE,Sweden,2019,2019,54598.8,,
ECONPIBN,Gross domestic product (GDP),PPPPERMT,"/capita, US$ purchasing power parity",SWE,Sweden,2020,2020,55064.9,,
ECONPIBN,Gross domestic product (GDP),PPPPERMT,"/capita, US$ purchasing power parity",CHE,Switzerland,2005,2005,41749.3,,
ECONPIBN,Gross domestic product (GDP),PPPPERMT,"/capita, US$ purchasing power parity",CHE,Switzerland,2006,2006,46502.9,,
ECONPIBN,Gross domestic product (GDP),PPPPERMT,"/capita, US$ purchasing power parity",CHE,Switzerland,2007,2007,51208.1,,
ECONPIBN,Gross domestic product (GDP),PPPPERMT,"/capita, US$ purchasing power parity",CHE,Switzerland,2008,2008,54096.8,,
ECONPIBN,Gross domestic product (GDP),PPPPERMT,"/capita, US$ purchasing power parity",CHE,Switzerland,2009,2009,53354,,
ECONPIBN,Gross domestic product (GDP),PPPPERMT,"/capita, US$ purchasing power parity",CHE,Switzerland,2010,2010,54858.4,,
ECONPIBN,Gross domestic product (GDP),PPPPERMT,"/capita, US$ purchasing power parity",CHE,Switzerland,2011,2011,57987.5,,
ECONPIBN,Gross domestic product (GDP),PPPPERMT,"/capita, US$ purchasing power parity",CHE,Switzerland,2012,2012,59933.6,,
ECONPIBN,Gross domestic product (GDP),PPPPERMT,"/capita, US$ purchasing power parity",CHE,Switzerland,2013,2013,62225.1,,
ECONPIBN,Gross domestic product (GDP),PPPPERMT,"/capita, US$ purchasing power parity",CHE,Switzerland,2014,2014,64103,,
ECONPIBN,Gross domestic product (GDP),PPPPERMT,"/capita, US$ purchasing power parity",CHE,Switzerland,2015,2015,66020.2,,
ECONPIBN,Gross domestic product (GDP),PPPPERMT,"/capita, US$ purchasing power parity",CHE,Switzerland,2016,2016,68105.2,,
ECONPIBN,Gross domestic product (GDP),PPPPERMT,"/capita, US$ purchasing power parity",CHE,Switzerland,2017,2017,69103.6,,
ECONPIBN,Gross domestic product (GDP),PPPPERMT,"/capita, US$ purchasing power parity",CHE,Switzerland,2018,2018,71660.2,,
ECONPIBN,Gross domestic product (GDP),PPPPERMT,"/capita, US$ purchasing power parity",CHE,Switzerland,2019,2019,72033.9,,
ECONPIBN,Gross domestic product (GDP),PPPPERMT,"/capita, US$ purchasing power parity",CHE,Switzerland,2020,2020,71732,,
ECONPIBN,Gross domestic product (GDP),PPPPERMT,"/capita, US$ purchasing power parity",TUR,Trkiye,2005,2005,11910.5,,
ECONPIBN,Gross domestic product (GDP),PPPPERMT,"/capita, US$ purchasing power parity",TUR,Trkiye,2006,2006,13641.6,,
ECONPIBN,Gross domestic product (GDP),PPPPERMT,"/capita, US$ purchasing power parity",TUR,Trkiye,2007,2007,14863.1,,
ECONPIBN,Gross domestic product (GDP),PPPPERMT,"/capita, US$ purchasing power parity",TUR,Trkiye,2008,2008,16038.3,,
ECONPIBN,Gross domestic product (GDP),PPPPERMT,"/capita, US$ purchasing power parity",TUR,Trkiye,2009,2009,15442.6,,
ECONPIBN,Gross domestic product (GDP),PPPPERMT,"/capita, US$ purchasing power parity",TUR,Trkiye,2010,2010,17346.7,,
ECONPIBN,Gross domestic product (GDP),PPPPERMT,"/capita, US$ purchasing power parity",TUR,Trkiye,2011,2011,19591,,
ECONPIBN,Gross domestic product (GDP),PPPPERMT,"/capita, US$ purchasing power parity",TUR,Trkiye,2012,2012,20627.5,,
ECONPIBN,Gross domestic product (GDP),PPPPERMT,"/capita, US$ purchasing power parity",TUR,Trkiye,2013,2013,22373.2,,
ECONPIBN,Gross domestic product (GDP),PPPPERMT,"/capita, US$ purchasing power parity",TUR,Trkiye,2014,2014,24105,,
ECONPIBN,Gross domestic product (GDP),PPPPERMT,"/capita, US$ purchasing power parity",TUR,Trkiye,2015,2015,25855.8,,
ECONPIBN,Gross domestic product (GDP),PPPPERMT,"/capita, US$ purchasing power parity",TUR,Trkiye,2016,2016,26695.9,,
ECONPIBN,Gross domestic product (GDP),PPPPERMT,"/capita, US$ purchasing power parity",TUR,Trkiye,2017,2017,28193.2,,
ECONPIBN,Gross domestic product (GDP),PPPPERMT,"/capita, US$ purchasing power parity",TUR,Trkiye,2018,2018,28281.4,,
ECONPIBN,Gross domestic product (GDP),PPPPERMT,"/capita, US$ purchasing power parity",TUR,Trkiye,2019,2019,27144.1,,
ECONPIBN,Gross domestic product (GDP),PPPPERMT,"/capita, US$ purchasing power parity",TUR,Trkiye,2020,2020,27547.2,,
ECONPIBN,Gross domestic product (GDP),PPPPERMT,"/capita, US$ purchasing power parity",GBR,United Kingdom,2005,2005,32740.8,,
ECONPIBN,Gross domestic product (GDP),PPPPERMT,"/capita, US$ purchasing power parity",GBR,United Kingdom,2006,2006,34856.9,,
ECONPIBN,Gross domestic product (GDP),PPPPERMT,"/capita, US$ purchasing power parity",GBR,United Kingdom,2007,2007,35697.3,,
ECONPIBN,Gross domestic product (GDP),PPPPERMT,"/capita, US$ purchasing power parity",GBR,United Kingdom,2008,2008,36853.6,,
ECONPIBN,Gross domestic product (GDP),PPPPERMT,"/capita, US$ purchasing power parity",GBR,United Kingdom,2009,2009,35221.3,,
ECONPIBN,Gross domestic product (GDP),PPPPERMT,"/capita, US$ purchasing power parity",GBR,United Kingdom,2010,2010,36580.6,,
ECONPIBN,Gross domestic product (GDP),PPPPERMT,"/capita, US$ purchasing power parity",GBR,United Kingdom,2011,2011,37363.7,,
ECONPIBN,Gross domestic product (GDP),PPPPERMT,"/capita, US$ purchasing power parity",GBR,United Kingdom,2012,2012,38511.1,,
ECONPIBN,Gross domestic product (GDP),PPPPERMT,"/capita, US$ purchasing power parity",GBR,United Kingdom,2013,2013,40232.9,,
ECONPIBN,Gross domestic product (GDP),PPPPERMT,"/capita, US$ purchasing power parity",GBR,United Kingdom,2014,2014,41584.2,,
ECONPIBN,Gross domestic product (GDP),PPPPERMT,"/capita, US$ purchasing power parity",GBR,United Kingdom,2015,2015,42917,,
ECONPIBN,Gross domestic product (GDP),PPPPERMT,"/capita, US$ purchasing power parity",GBR,United Kingdom,2016,2016,44610.5,,
ECONPIBN,Gross domestic product (GDP),PPPPERMT,"/capita, US$ purchasing power parity",GBR,United Kingdom,2017,2017,46385.5,,
ECONPIBN,Gross domestic product (GDP),PPPPERMT,"/capita, US$ purchasing power parity",GBR,United Kingdom,2018,2018,47591.2,,
ECONPIBN,Gross domestic product (GDP),PPPPERMT,"/capita, US$ purchasing power parity",GBR,United Kingdom,2019,2019,49070.5,,
ECONPIBN,Gross domestic product (GDP),PPPPERMT,"/capita, US$ purchasing power parity",GBR,United Kingdom,2020,2020,46526.7,,
ECONPIBN,Gross domestic product (GDP),PPPPERMT,"/capita, US$ purchasing power parity",USA,United States,2005,2005,44123.4,,
ECONPIBN,Gross domestic product (GDP),PPPPERMT,"/capita, US$ purchasing power parity",USA,United States,2006,2006,46302,,
ECONPIBN,Gross domestic product (GDP),PPPPERMT,"/capita, US$ purchasing power parity",USA,United States,2007,2007,48050.2,,
ECONPIBN,Gross domestic product (GDP),PPPPERMT,"/capita, US$ purchasing power parity",USA,United States,2008,2008,48570,,
ECONPIBN,Gross domestic product (GDP),PPPPERMT,"/capita, US$ purchasing power parity",USA,United States,2009,2009,47194.9,,
ECONPIBN,Gross domestic product (GDP),PPPPERMT,"/capita, US$ purchasing power parity",USA,United States,2010,2010,48650.6,,
ECONPIBN,Gross domestic product (GDP),PPPPERMT,"/capita, US$ purchasing power parity",USA,United States,2011,2011,50066,,
ECONPIBN,Gross domestic product (GDP),PPPPERMT,"/capita, US$ purchasing power parity",USA,United States,2012,2012,51784.4,,
ECONPIBN,Gross domestic product (GDP),PPPPERMT,"/capita, US$ purchasing power parity",USA,United States,2013,2013,53291.1,,
ECONPIBN,Gross domestic product (GDP),PPPPERMT,"/capita, US$ purchasing power parity",USA,United States,2014,2014,55123.8,,
ECONPIBN,Gross domestic product (GDP),PPPPERMT,"/capita, US$ purchasing power parity",USA,United States,2015,2015,56762.7,,
ECONPIBN,Gross domestic product (GDP),PPPPERMT,"/capita, US$ purchasing power parity",USA,United States,2016,2016,57866.7,,
ECONPIBN,Gross domestic product (GDP),PPPPERMT,"/capita, US$ purchasing power parity",USA,United States,2017,2017,59914.8,,
ECONPIBN,Gross domestic product (GDP),PPPPERMT,"/capita, US$ purchasing power parity",USA,United States,2018,2018,62805.3,,
ECONPIBN,Gross domestic product (GDP),PPPPERMT,"/capita, US$ purchasing power parity",USA,United States,2019,2019,65094.8,,
ECONPIBN,Gross domestic product (GDP),PPPPERMT,"/capita, US$ purchasing power parity",USA,United States,2020,2020,63027.7,,
ECONPIBN,Gross domestic product (GDP),PPPPERMT,"/capita, US$ purchasing power parity",BRA,Brazil,2005,2005,11056.4,,
ECONPIBN,Gross domestic product (GDP),PPPPERMT,"/capita, US$ purchasing power parity",BRA,Brazil,2006,2006,11711.3,,
ECONPIBN,Gross domestic product (GDP),PPPPERMT,"/capita, US$ purchasing power parity",BRA,Brazil,2007,2007,12622.4,,
ECONPIBN,Gross domestic product (GDP),PPPPERMT,"/capita, US$ purchasing power parity",BRA,Brazil,2008,2008,13383.9,,
ECONPIBN,Gross domestic product (GDP),PPPPERMT,"/capita, US$ purchasing power parity",BRA,Brazil,2009,2009,13331.4,,
ECONPIBN,Gross domestic product (GDP),PPPPERMT,"/capita, US$ purchasing power parity",BRA,Brazil,2010,2010,14359.9,,
ECONPIBN,Gross domestic product (GDP),PPPPERMT,"/capita, US$ purchasing power parity",BRA,Brazil,2011,2011,15109.7,,
ECONPIBN,Gross domestic product (GDP),PPPPERMT,"/capita, US$ purchasing power parity",BRA,Brazil,2012,2012,15120.1,,
ECONPIBN,Gross domestic product (GDP),PPPPERMT,"/capita, US$ purchasing power parity",BRA,Brazil,2013,2013,15669.1,,
ECONPIBN,Gross domestic product (GDP),PPPPERMT,"/capita, US$ purchasing power parity",BRA,Brazil,2014,2014,15800.1,,
ECONPIBN,Gross domestic product (GDP),PPPPERMT,"/capita, US$ purchasing power parity",BRA,Brazil,2015,2015,14816.3,,
ECONPIBN,Gross domestic product (GDP),PPPPERMT,"/capita, US$ purchasing power parity",BRA,Brazil,2016,2016,14326.1,,
ECONPIBN,Gross domestic product (GDP),PPPPERMT,"/capita, US$ purchasing power parity",BRA,Brazil,2017,2017,14596.9,,
ECONPIBN,Gross domestic product (GDP),PPPPERMT,"/capita, US$ purchasing power parity",BRA,Brazil,2018,2018,15090.6,,
ECONPIBN,Gross domestic product (GDP),PPPPERMT,"/capita, US$ purchasing power parity",BRA,Brazil,2019,2019,15417,,
ECONPIBN,Gross domestic product (GDP),PPPPERMT,"/capita, US$ purchasing power parity",BRA,Brazil,2020,2020,14925.7,,
ECONPIBN,Gross domestic product (GDP),PPPPERMT,"/capita, US$ purchasing power parity",CHL,Chile,2005,2005,12746,,
ECONPIBN,Gross domestic product (GDP),PPPPERMT,"/capita, US$ purchasing power parity",CHL,Chile,2006,2006,15760.3,,
ECONPIBN,Gross domestic product (GDP),PPPPERMT,"/capita, US$ purchasing power parity",CHL,Chile,2007,2007,16954.4,,
ECONPIBN,Gross domestic product (GDP),PPPPERMT,"/capita, US$ purchasing power parity",CHL,Chile,2008,2008,16512.2,,
ECONPIBN,Gross domestic product (GDP),PPPPERMT,"/capita, US$ purchasing power parity",CHL,Chile,2009,2009,16164.5,,
ECONPIBN,Gross domestic product (GDP),PPPPERMT,"/capita, US$ purchasing power parity",CHL,Chile,2010,2010,18160.3,,
ECONPIBN,Gross domestic product (GDP),PPPPERMT,"/capita, US$ purchasing power parity",CHL,Chile,2011,2011,20318.3,,
ECONPIBN,Gross domestic product (GDP),PPPPERMT,"/capita, US$ purchasing power parity",CHL,Chile,2012,2012,21454.5,,
ECONPIBN,Gross domestic product (GDP),PPPPERMT,"/capita, US$ purchasing power parity",CHL,Chile,2013,2013,22387.8,,
ECONPIBN,Gross domestic product (GDP),PPPPERMT,"/capita, US$ purchasing power parity",CHL,Chile,2014,2014,22749.9,,
ECONPIBN,Gross domestic product (GDP),PPPPERMT,"/capita, US$ purchasing power parity",CHL,Chile,2015,2015,22695.9,,
ECONPIBN,Gross domestic product (GDP),PPPPERMT,"/capita, US$ purchasing power parity",CHL,Chile,2016,2016,23491.7,,
ECONPIBN,Gross domestic product (GDP),PPPPERMT,"/capita, US$ purchasing power parity",CHL,Chile,2017,2017,24538.8,,
ECONPIBN,Gross domestic product (GDP),PPPPERMT,"/capita, US$ purchasing power parity",CHL,Chile,2018,2018,25683.6,,
ECONPIBN,Gross domestic product (GDP),PPPPERMT,"/capita, US$ purchasing power parity",CHL,Chile,2019,2019,25189.2,,
ECONPIBN,Gross domestic product (GDP),PPPPERMT,"/capita, US$ purchasing power parity",CHL,Chile,2020,2020,24668.7,,
ECONPIBN,Gross domestic product (GDP),PPPPERMT,"/capita, US$ purchasing power parity",CHN,China (People's Republic of),2005,2005,4951.2,,
ECONPIBN,Gross domestic product (GDP),PPPPERMT,"/capita, US$ purchasing power parity",CHN,China (People's Republic of),2006,2006,5717.1,,
ECONPIBN,Gross domestic product (GDP),PPPPERMT,"/capita, US$ purchasing power parity",CHN,China (People's Republic of),2007,2007,6668.4,,
ECONPIBN,Gross domestic product (GDP),PPPPERMT,"/capita, US$ purchasing power parity",CHN,China (People's Republic of),2008,2008,7412.4,,
ECONPIBN,Gross domestic product (GDP),PPPPERMT,"/capita, US$ purchasing power parity",CHN,China (People's Republic of),2009,2009,8125.3,,
ECONPIBN,Gross domestic product (GDP),PPPPERMT,"/capita, US$ purchasing power parity",CHN,China (People's Republic of),2010,2010,9043.5,,
ECONPIBN,Gross domestic product (GDP),PPPPERMT,"/capita, US$ purchasing power parity",CHN,China (People's Republic of),2011,2011,10057.7,,
ECONPIBN,Gross domestic product (GDP),PPPPERMT,"/capita, US$ purchasing power parity",CHN,China (People's Republic of),2012,2012,10926.5,,
ECONPIBN,Gross domestic product (GDP),PPPPERMT,"/capita, US$ purchasing power parity",CHN,China (People's Republic of),2013,2013,11628.2,,
ECONPIBN,Gross domestic product (GDP),PPPPERMT,"/capita, US$ purchasing power parity",CHN,China (People's Republic of),2014,2014,12234.3,,
ECONPIBN,Gross domestic product (GDP),PPPPERMT,"/capita, US$ purchasing power parity",CHN,China (People's Republic of),2015,2015,12650.1,,
ECONPIBN,Gross domestic product (GDP),PPPPERMT,"/capita, US$ purchasing power parity",CHN,China (People's Republic of),2016,2016,13233,,
ECONPIBN,Gross domestic product (GDP),PPPPERMT,"/capita, US$ purchasing power parity",CHN,China (People's Republic of),2017,2017,13994.9,,
ECONPIBN,Gross domestic product (GDP),PPPPERMT,"/capita, US$ purchasing power parity",CHN,China (People's Republic of),2018,2018,15227.2,,
ECONPIBN,Gross domestic product (GDP),PPPPERMT,"/capita, US$ purchasing power parity",CHN,China (People's Republic of),2019,2019,16423,,
ECONPIBN,Gross domestic product (GDP),PPPPERMT,"/capita, US$ purchasing power parity",CHN,China (People's Republic of),2020,2020,16865,,
ECONPIBN,Gross domestic product (GDP),PPPPERMT,"/capita, US$ purchasing power parity",EST,Estonia,2005,2005,16634.5,,
ECONPIBN,Gross domestic product (GDP),PPPPERMT,"/capita, US$ purchasing power parity",EST,Estonia,2006,2006,19345.3,,
ECONPIBN,Gross domestic product (GDP),PPPPERMT,"/capita, US$ purchasing power parity",EST,Estonia,2007,2007,22195.2,,
ECONPIBN,Gross domestic product (GDP),PPPPERMT,"/capita, US$ purchasing power parity",EST,Estonia,2008,2008,22802.3,,
ECONPIBN,Gross domestic product (GDP),PPPPERMT,"/capita, US$ purchasing power parity",EST,Estonia,2009,2009,20477.9,,
ECONPIBN,Gross domestic product (GDP),PPPPERMT,"/capita, US$ purchasing power parity",EST,Estonia,2010,2010,21619.5,,
ECONPIBN,Gross domestic product (GDP),PPPPERMT,"/capita, US$ purchasing power parity",EST,Estonia,2011,2011,24557.2,,
ECONPIBN,Gross domestic product (GDP),PPPPERMT,"/capita, US$ purchasing power parity",EST,Estonia,2012,2012,25996,,
ECONPIBN,Gross domestic product (GDP),PPPPERMT,"/capita, US$ purchasing power parity",EST,Estonia,2013,2013,27464.5,,
ECONPIBN,Gross domestic product (GDP),PPPPERMT,"/capita, US$ purchasing power parity",EST,Estonia,2014,2014,28945.5,,
ECONPIBN,Gross domestic product (GDP),PPPPERMT,"/capita, US$ purchasing power parity",EST,Estonia,2015,2015,29175.9,,
ECONPIBN,Gross domestic product (GDP),PPPPERMT,"/capita, US$ purchasing power parity",EST,Estonia,2016,2016,31312.8,,
ECONPIBN,Gross domestic product (GDP),PPPPERMT,"/capita, US$ purchasing power parity",EST,Estonia,2017,2017,33821.9,,
ECONPIBN,Gross domestic product (GDP),PPPPERMT,"/capita, US$ purchasing power parity",EST,Estonia,2018,2018,36249.4,,
ECONPIBN,Gross domestic product (GDP),PPPPERMT,"/capita, US$ purchasing power parity",EST,Estonia,2019,2019,37850.1,,
ECONPIBN,Gross domestic product (GDP),PPPPERMT,"/capita, US$ purchasing power parity",EST,Estonia,2020,2020,37644,,
ECONPIBN,Gross domestic product (GDP),PPPPERMT,"/capita, US$ purchasing power parity",IND,India,2005,2005,2911.8,,
ECONPIBN,Gross domestic product (GDP),PPPPERMT,"/capita, US$ purchasing power parity",IND,India,2006,2006,3168.6,,
ECONPIBN,Gross domestic product (GDP),PPPPERMT,"/capita, US$ purchasing power parity",IND,India,2007,2007,3480,,
ECONPIBN,Gross domestic product (GDP),PPPPERMT,"/capita, US$ purchasing power parity",IND,India,2008,2008,3614.6,,
ECONPIBN,Gross domestic product (GDP),PPPPERMT,"/capita, US$ purchasing power parity",IND,India,2009,2009,3860.1,,
ECONPIBN,Gross domestic product (GDP),PPPPERMT,"/capita, US$ purchasing power parity",IND,India,2010,2010,4188.7,,
ECONPIBN,Gross domestic product (GDP),PPPPERMT,"/capita, US$ purchasing power parity",IND,India,2011,2011,4493.7,,
ECONPIBN,Gross domestic product (GDP),PPPPERMT,"/capita, US$ purchasing power parity",IND,India,2012,2012,4861.2,,
ECONPIBN,Gross domestic product (GDP),PPPPERMT,"/capita, US$ purchasing power parity",IND,India,2013,2013,5057.2,,
ECONPIBN,Gross domestic product (GDP),PPPPERMT,"/capita, US$ purchasing power parity",IND,India,2014,2014,5233.9,,
ECONPIBN,Gross domestic product (GDP),PPPPERMT,"/capita, US$ purchasing power parity",IND,India,2015,2015,5464.9,,
ECONPIBN,Gross domestic product (GDP),PPPPERMT,"/capita, US$ purchasing power parity",IND,India,2016,2016,5839.9,,
ECONPIBN,Gross domestic product (GDP),PPPPERMT,"/capita, US$ purchasing power parity",IND,India,2017,2017,6182.9,,
ECONPIBN,Gross domestic product (GDP),PPPPERMT,"/capita, US$ purchasing power parity",IND,India,2018,2018,6675.4,,
ECONPIBN,Gross domestic product (GDP),PPPPERMT,"/capita, US$ purchasing power parity",IND,India,2019,2019,6997.9,,
ECONPIBN,Gross domestic product (GDP),PPPPERMT,"/capita, US$ purchasing power parity",IND,India,2020,2020,6519.7,,
ECONPIBN,Gross domestic product (GDP),PPPPERMT,"/capita, US$ purchasing power parity",IDN,Indonesia,2005,2005,6843.8,,
ECONPIBN,Gross domestic product (GDP),PPPPERMT,"/capita, US$ purchasing power parity",IDN,Indonesia,2006,2006,7340.5,,
ECONPIBN,Gross domestic product (GDP),PPPPERMT,"/capita, US$ purchasing power parity",IDN,Indonesia,2007,2007,7910.5,,
ECONPIBN,Gross domestic product (GDP),PPPPERMT,"/capita, US$ purchasing power parity",IDN,Indonesia,2008,2008,8437,,
ECONPIBN,Gross domestic product (GDP),PPPPERMT,"/capita, US$ purchasing power parity",IDN,Indonesia,2009,2009,8601.5,,
ECONPIBN,Gross domestic product (GDP),PPPPERMT,"/capita, US$ purchasing power parity",IDN,Indonesia,2010,2010,8505.7,,
ECONPIBN,Gross domestic product (GDP),PPPPERMT,"/capita, US$ purchasing power parity",IDN,Indonesia,2011,2011,9095.7,,
ECONPIBN,Gross domestic product (GDP),PPPPERMT,"/capita, US$ purchasing power parity",IDN,Indonesia,2012,2012,9713.9,,
ECONPIBN,Gross domestic product (GDP),PPPPERMT,"/capita, US$ purchasing power parity",IDN,Indonesia,2013,2013,10067.5,,
ECONPIBN,Gross domestic product (GDP),PPPPERMT,"/capita, US$ purchasing power parity",IDN,Indonesia,2014,2014,10278.2,,
ECONPIBN,Gross domestic product (GDP),PPPPERMT,"/capita, US$ purchasing power parity",IDN,Indonesia,2015,2015,10359.3,,
ECONPIBN,Gross domestic product (GDP),PPPPERMT,"/capita, US$ purchasing power parity",IDN,Indonesia,2016,2016,10618.7,,
ECONPIBN,Gross domestic product (GDP),PPPPERMT,"/capita, US$ purchasing power parity",IDN,Indonesia,2017,2017,11073.5,,
ECONPIBN,Gross domestic product (GDP),PPPPERMT,"/capita, US$ purchasing power parity",IDN,Indonesia,2018,2018,11799.4,,
ECONPIBN,Gross domestic product (GDP),PPPPERMT,"/capita, US$ purchasing power parity",IDN,Indonesia,2019,2019,12482.9,,
ECONPIBN,Gross domestic product (GDP),PPPPERMT,"/capita, US$ purchasing power parity",IDN,Indonesia,2020,2020,12246.8,,
ECONPIBN,Gross domestic product (GDP),PPPPERMT,"/capita, US$ purchasing power parity",ISR,Israel,2005,2005,24853.7,,
ECONPIBN,Gross domestic product (GDP),PPPPERMT,"/capita, US$ purchasing power parity",ISR,Israel,2006,2006,25700.9,,
ECONPIBN,Gross domestic product (GDP),PPPPERMT,"/capita, US$ purchasing power parity",ISR,Israel,2007,2007,27513.1,,
ECONPIBN,Gross domestic product (GDP),PPPPERMT,"/capita, US$ purchasing power parity",ISR,Israel,2008,2008,27510.1,,
ECONPIBN,Gross domestic product (GDP),PPPPERMT,"/capita, US$ purchasing power parity",ISR,Israel,2009,2009,27462,,
ECONPIBN,Gross domestic product (GDP),PPPPERMT,"/capita, US$ purchasing power parity",ISR,Israel,2010,2010,28840.2,,
ECONPIBN,Gross domestic product (GDP),PPPPERMT,"/capita, US$ purchasing power parity",ISR,Israel,2011,2011,30636.2,,
ECONPIBN,Gross domestic product (GDP),PPPPERMT,"/capita, US$ purchasing power parity",ISR,Israel,2012,2012,31846.3,,
ECONPIBN,Gross domestic product (GDP),PPPPERMT,"/capita, US$ purchasing power parity",ISR,Israel,2013,2013,34324.6,,
ECONPIBN,Gross domestic product (GDP),PPPPERMT,"/capita, US$ purchasing power parity",ISR,Israel,2014,2014,34366.3,,
ECONPIBN,Gross domestic product (GDP),PPPPERMT,"/capita, US$ purchasing power parity",ISR,Israel,2015,2015,35469.7,,
ECONPIBN,Gross domestic product (GDP),PPPPERMT,"/capita, US$ purchasing power parity",ISR,Israel,2016,2016,37843.2,,
ECONPIBN,Gross domestic product (GDP),PPPPERMT,"/capita, US$ purchasing power parity",ISR,Israel,2017,2017,39121.4,,
ECONPIBN,Gross domestic product (GDP),PPPPERMT,"/capita, US$ purchasing power parity",ISR,Israel,2018,2018,39906.3,,
ECONPIBN,Gross domestic product (GDP),PPPPERMT,"/capita, US$ purchasing power parity",ISR,Israel,2019,2019,40004,,
ECONPIBN,Gross domestic product (GDP),PPPPERMT,"/capita, US$ purchasing power parity",ISR,Israel,2020,2020,39489.3,,
ECONPIBN,Gross domestic product (GDP),PPPPERMT,"/capita, US$ purchasing power parity",RUS,Russia,2005,2005,12734.2,,
ECONPIBN,Gross domestic product (GDP),PPPPERMT,"/capita, US$ purchasing power parity",RUS,Russia,2006,2006,16080.3,,
ECONPIBN,Gross domestic product (GDP),PPPPERMT,"/capita, US$ purchasing power parity",RUS,Russia,2007,2007,17968.6,,
ECONPIBN,Gross domestic product (GDP),PPPPERMT,"/capita, US$ purchasing power parity",RUS,Russia,2008,2008,21777.5,,
ECONPIBN,Gross domestic product (GDP),PPPPERMT,"/capita, US$ purchasing power parity",RUS,Russia,2009,2009,20955.2,,
ECONPIBN,Gross domestic product (GDP),PPPPERMT,"/capita, US$ purchasing power parity",RUS,Russia,2010,2010,22079.3,,
ECONPIBN,Gross domestic product (GDP),PPPPERMT,"/capita, US$ purchasing power parity",RUS,Russia,2011,2011,22798.7,,
ECONPIBN,Gross domestic product (GDP),PPPPERMT,"/capita, US$ purchasing power parity",RUS,Russia,2012,2012,24303.5,,
ECONPIBN,Gross domestic product (GDP),PPPPERMT,"/capita, US$ purchasing power parity",RUS,Russia,2013,2013,26073.9,,
ECONPIBN,Gross domestic product (GDP),PPPPERMT,"/capita, US$ purchasing power parity",RUS,Russia,2014,2014,26168.4,,
ECONPIBN,Gross domestic product (GDP),PPPPERMT,"/capita, US$ purchasing power parity",RUS,Russia,2015,2015,24085.3,,
ECONPIBN,Gross domestic product (GDP),PPPPERMT,"/capita, US$ purchasing power parity",RUS,Russia,2016,2016,24128.1,,
ECONPIBN,Gross domestic product (GDP),PPPPERMT,"/capita, US$ purchasing power parity",RUS,Russia,2017,2017,25926.4,,
ECONPIBN,Gross domestic product (GDP),PPPPERMT,"/capita, US$ purchasing power parity",RUS,Russia,2018,2018,28821.2,,
ECONPIBN,Gross domestic product (GDP),PPPPERMT,"/capita, US$ purchasing power parity",RUS,Russia,2019,2019,29967.1,,
ECONPIBN,Gross domestic product (GDP),PPPPERMT,"/capita, US$ purchasing power parity",RUS,Russia,2020,2020,29819,,
ECONPIBN,Gross domestic product (GDP),PPPPERMT,"/capita, US$ purchasing power parity",SVN,Slovenia,2005,2005,23853,,
ECONPIBN,Gross domestic product (GDP),PPPPERMT,"/capita, US$ purchasing power parity",SVN,Slovenia,2006,2006,25720.4,,
ECONPIBN,Gross domestic product (GDP),PPPPERMT,"/capita, US$ purchasing power parity",SVN,Slovenia,2007,2007,27570.1,,
ECONPIBN,Gross domestic product (GDP),PPPPERMT,"/capita, US$ purchasing power parity",SVN,Slovenia,2008,2008,29604.3,,
ECONPIBN,Gross domestic product (GDP),PPPPERMT,"/capita, US$ purchasing power parity",SVN,Slovenia,2009,2009,27537.8,,
ECONPIBN,Gross domestic product (GDP),PPPPERMT,"/capita, US$ purchasing power parity",SVN,Slovenia,2010,2010,27826.9,,
ECONPIBN,Gross domestic product (GDP),PPPPERMT,"/capita, US$ purchasing power parity",SVN,Slovenia,2011,2011,28931.4,,
ECONPIBN,Gross domestic product (GDP),PPPPERMT,"/capita, US$ purchasing power parity",SVN,Slovenia,2012,2012,29042.8,,
ECONPIBN,Gross domestic product (GDP),PPPPERMT,"/capita, US$ purchasing power parity",SVN,Slovenia,2013,2013,29973.7,,
ECONPIBN,Gross domestic product (GDP),PPPPERMT,"/capita, US$ purchasing power parity",SVN,Slovenia,2014,2014,30870,,
ECONPIBN,Gross domestic product (GDP),PPPPERMT,"/capita, US$ purchasing power parity",SVN,Slovenia,2015,2015,31628.2,,
ECONPIBN,Gross domestic product (GDP),PPPPERMT,"/capita, US$ purchasing power parity",SVN,Slovenia,2016,2016,33936,,
ECONPIBN,Gross domestic product (GDP),PPPPERMT,"/capita, US$ purchasing power parity",SVN,Slovenia,2017,2017,36507.6,,
ECONPIBN,Gross domestic product (GDP),PPPPERMT,"/capita, US$ purchasing power parity",SVN,Slovenia,2018,2018,38961.5,,
ECONPIBN,Gross domestic product (GDP),PPPPERMT,"/capita, US$ purchasing power parity",SVN,Slovenia,2019,2019,40670.9,,
ECONPIBN,Gross domestic product (GDP),PPPPERMT,"/capita, US$ purchasing power parity",SVN,Slovenia,2020,2020,39725.3,,
ECONPIBN,Gross domestic product (GDP),PPPPERMT,"/capita, US$ purchasing power parity",ZAF,South Africa,2005,2005,9616.1,,
ECONPIBN,Gross domestic product (GDP),PPPPERMT,"/capita, US$ purchasing power parity",ZAF,South Africa,2006,2006,10358.7,,
ECONPIBN,Gross domestic product (GDP),PPPPERMT,"/capita, US$ purchasing power parity",ZAF,South Africa,2007,2007,11129.1,,
ECONPIBN,Gross domestic product (GDP),PPPPERMT,"/capita, US$ purchasing power parity",ZAF,South Africa,2008,2008,11657.8,,
ECONPIBN,Gross domestic product (GDP),PPPPERMT,"/capita, US$ purchasing power parity",ZAF,South Africa,2009,2009,11281.3,,
ECONPIBN,Gross domestic product (GDP),PPPPERMT,"/capita, US$ purchasing power parity",ZAF,South Africa,2010,2010,11610.2,,
ECONPIBN,Gross domestic product (GDP),PPPPERMT,"/capita, US$ purchasing power parity",ZAF,South Africa,2011,2011,12169,,
ECONPIBN,Gross domestic product (GDP),PPPPERMT,"/capita, US$ purchasing power parity",ZAF,South Africa,2012,2012,12058.7,,
ECONPIBN,Gross domestic product (GDP),PPPPERMT,"/capita, US$ purchasing power parity",ZAF,South Africa,2013,2013,12459.8,,
ECONPIBN,Gross domestic product (GDP),PPPPERMT,"/capita, US$ purchasing power parity",ZAF,South Africa,2014,2014,12533.9,,
ECONPIBN,Gross domestic product (GDP),PPPPERMT,"/capita, US$ purchasing power parity",ZAF,South Africa,2015,2015,12567.4,,
ECONPIBN,Gross domestic product (GDP),PPPPERMT,"/capita, US$ purchasing power parity",ZAF,South Africa,2016,2016,12606.6,,
ECONPIBN,Gross domestic product (GDP),PPPPERMT,"/capita, US$ purchasing power parity",ZAF,South Africa,2017,2017,12705.5,,
ECONPIBN,Gross domestic product (GDP),PPPPERMT,"/capita, US$ purchasing power parity",ZAF,South Africa,2018,2018,12911.2,,
ECONPIBN,Gross domestic product (GDP),PPPPERMT,"/capita, US$ purchasing power parity",ZAF,South Africa,2019,2019,12908,,
ECONPIBN,Gross domestic product (GDP),PPPPERMT,"/capita, US$ purchasing power parity",ZAF,South Africa,2020,2020,11985.7,,
ECONPIBN,Gross domestic product (GDP),PPPPERMT,"/capita, US$ purchasing power parity",COL,Colombia,2005,2005,8195.5,,
ECONPIBN,Gross domestic product (GDP),PPPPERMT,"/capita, US$ purchasing power parity",COL,Colombia,2006,2006,8903.3,,
ECONPIBN,Gross domestic product (GDP),PPPPERMT,"/capita, US$ purchasing power parity",COL,Colombia,2007,2007,9642.8,,
ECONPIBN,Gross domestic product (GDP),PPPPERMT,"/capita, US$ purchasing power parity",COL,Colombia,2008,2008,10033.4,,
ECONPIBN,Gross domestic product (GDP),PPPPERMT,"/capita, US$ purchasing power parity",COL,Colombia,2009,2009,10105.1,,
ECONPIBN,Gross domestic product (GDP),PPPPERMT,"/capita, US$ purchasing power parity",COL,Colombia,2010,2010,10557.8,,
ECONPIBN,Gross domestic product (GDP),PPPPERMT,"/capita, US$ purchasing power parity",COL,Colombia,2011,2011,11393.2,,
ECONPIBN,Gross domestic product (GDP),PPPPERMT,"/capita, US$ purchasing power parity",COL,Colombia,2012,2012,11769.6,,
ECONPIBN,Gross domestic product (GDP),PPPPERMT,"/capita, US$ purchasing power parity",COL,Colombia,2013,2013,12433.7,,
ECONPIBN,Gross domestic product (GDP),PPPPERMT,"/capita, US$ purchasing power parity",COL,Colombia,2014,2014,12983,,
ECONPIBN,Gross domestic product (GDP),PPPPERMT,"/capita, US$ purchasing power parity",COL,Colombia,2015,2015,12947.6,,
ECONPIBN,Gross domestic product (GDP),PPPPERMT,"/capita, US$ purchasing power parity",COL,Colombia,2016,2016,13649.8,,
ECONPIBN,Gross domestic product (GDP),PPPPERMT,"/capita, US$ purchasing power parity",COL,Colombia,2017,2017,14061.6,,
ECONPIBN,Gross domestic product (GDP),PPPPERMT,"/capita, US$ purchasing power parity",COL,Colombia,2018,2018,14991.8,,
ECONPIBN,Gross domestic product (GDP),PPPPERMT,"/capita, US$ purchasing power parity",COL,Colombia,2019,2019,15662.2,,
ECONPIBN,Gross domestic product (GDP),PPPPERMT,"/capita, US$ purchasing power parity",COL,Colombia,2020,2020,14860,,
ECONPIBN,Gross domestic product (GDP),PPPPERMT,"/capita, US$ purchasing power parity",LVA,Latvia,2005,2005,13913.5,,
ECONPIBN,Gross domestic product (GDP),PPPPERMT,"/capita, US$ purchasing power parity",LVA,Latvia,2006,2006,15859.3,,
ECONPIBN,Gross domestic product (GDP),PPPPERMT,"/capita, US$ purchasing power parity",LVA,Latvia,2007,2007,18236.6,,
ECONPIBN,Gross domestic product (GDP),PPPPERMT,"/capita, US$ purchasing power parity",LVA,Latvia,2008,2008,19573.2,,
ECONPIBN,Gross domestic product (GDP),PPPPERMT,"/capita, US$ purchasing power parity",LVA,Latvia,2009,2009,17023.8,,
ECONPIBN,Gross domestic product (GDP),PPPPERMT,"/capita, US$ purchasing power parity",LVA,Latvia,2010,2010,17706.9,,
ECONPIBN,Gross domestic product (GDP),PPPPERMT,"/capita, US$ purchasing power parity",LVA,Latvia,2011,2011,19248.4,,
ECONPIBN,Gross domestic product (GDP),PPPPERMT,"/capita, US$ purchasing power parity",LVA,Latvia,2012,2012,21290.5,,
ECONPIBN,Gross domestic product (GDP),PPPPERMT,"/capita, US$ purchasing power parity",LVA,Latvia,2013,2013,22639.1,,
ECONPIBN,Gross domestic product (GDP),PPPPERMT,"/capita, US$ purchasing power parity",LVA,Latvia,2014,2014,23815.8,,
ECONPIBN,Gross domestic product (GDP),PPPPERMT,"/capita, US$ purchasing power parity",LVA,Latvia,2015,2015,24972.8,,
ECONPIBN,Gross domestic product (GDP),PPPPERMT,"/capita, US$ purchasing power parity",LVA,Latvia,2016,2016,26721.7,,
ECONPIBN,Gross domestic product (GDP),PPPPERMT,"/capita, US$ purchasing power parity",LVA,Latvia,2017,2017,28673.6,,
ECONPIBN,Gross domestic product (GDP),PPPPERMT,"/capita, US$ purchasing power parity",LVA,Latvia,2018,2018,30877,,
ECONPIBN,Gross domestic product (GDP),PPPPERMT,"/capita, US$ purchasing power parity",LVA,Latvia,2019,2019,31883.3,,
ECONPIBN,Gross domestic product (GDP),PPPPERMT,"/capita, US$ purchasing power parity",LVA,Latvia,2020,2020,31424.9,,
ECONPIBN,Gross domestic product (GDP),PPPPERMT,"/capita, US$ purchasing power parity",LTU,Lithuania,2005,2005,14510.6,,
ECONPIBN,Gross domestic product (GDP),PPPPERMT,"/capita, US$ purchasing power parity",LTU,Lithuania,2006,2006,16483.7,,
ECONPIBN,Gross domestic product (GDP),PPPPERMT,"/capita, US$ purchasing power parity",LTU,Lithuania,2007,2007,19094.5,,
ECONPIBN,Gross domestic product (GDP),PPPPERMT,"/capita, US$ purchasing power parity",LTU,Lithuania,2008,2008,20721,,
ECONPIBN,Gross domestic product (GDP),PPPPERMT,"/capita, US$ purchasing power parity",LTU,Lithuania,2009,2009,18116.7,,
ECONPIBN,Gross domestic product (GDP),PPPPERMT,"/capita, US$ purchasing power parity",LTU,Lithuania,2010,2010,20096.9,,
ECONPIBN,Gross domestic product (GDP),PPPPERMT,"/capita, US$ purchasing power parity",LTU,Lithuania,2011,2011,22884.7,,
ECONPIBN,Gross domestic product (GDP),PPPPERMT,"/capita, US$ purchasing power parity",LTU,Lithuania,2012,2012,24703.6,,
ECONPIBN,Gross domestic product (GDP),PPPPERMT,"/capita, US$ purchasing power parity",LTU,Lithuania,2013,2013,26721.9,,
ECONPIBN,Gross domestic product (GDP),PPPPERMT,"/capita, US$ purchasing power parity",LTU,Lithuania,2014,2014,28184.2,,
ECONPIBN,Gross domestic product (GDP),PPPPERMT,"/capita, US$ purchasing power parity",LTU,Lithuania,2015,2015,28834.7,,
ECONPIBN,Gross domestic product (GDP),PPPPERMT,"/capita, US$ purchasing power parity",LTU,Lithuania,2016,2016,30925.3,,
ECONPIBN,Gross domestic product (GDP),PPPPERMT,"/capita, US$ purchasing power parity",LTU,Lithuania,2017,2017,33761.6,,
ECONPIBN,Gross domestic product (GDP),PPPPERMT,"/capita, US$ purchasing power parity",LTU,Lithuania,2018,2018,36376.3,,
ECONPIBN,Gross domestic product (GDP),PPPPERMT,"/capita, US$ purchasing power parity",LTU,Lithuania,2019,2019,38540.8,,
ECONPIBN,Gross domestic product (GDP),PPPPERMT,"/capita, US$ purchasing power parity",LTU,Lithuania,2020,2020,38880.5,,
ECONPIBN,Gross domestic product (GDP),PPPPERMT,"/capita, US$ purchasing power parity",CRI,Costa Rica,2005,2005,10296.9,,
ECONPIBN,Gross domestic product (GDP),PPPPERMT,"/capita, US$ purchasing power parity",CRI,Costa Rica,2006,2006,11211.7,,
ECONPIBN,Gross domestic product (GDP),PPPPERMT,"/capita, US$ purchasing power parity",CRI,Costa Rica,2007,2007,12279.4,,
ECONPIBN,Gross domestic product (GDP),PPPPERMT,"/capita, US$ purchasing power parity",CRI,Costa Rica,2008,2008,12922.5,,
ECONPIBN,Gross domestic product (GDP),PPPPERMT,"/capita, US$ purchasing power parity",CRI,Costa Rica,2009,2009,12704.3,,
ECONPIBN,Gross domestic product (GDP),PPPPERMT,"/capita, US$ purchasing power parity",CRI,Costa Rica,2010,2010,13355.7,,
ECONPIBN,Gross domestic product (GDP),PPPPERMT,"/capita, US$ purchasing power parity",CRI,Costa Rica,2011,2011,14060.5,,
ECONPIBN,Gross domestic product (GDP),PPPPERMT,"/capita, US$ purchasing power parity",CRI,Costa Rica,2012,2012,14846.7,,
ECONPIBN,Gross domestic product (GDP),PPPPERMT,"/capita, US$ purchasing power parity",CRI,Costa Rica,2013,2013,15533.1,,
ECONPIBN,Gross domestic product (GDP),PPPPERMT,"/capita, US$ purchasing power parity",CRI,Costa Rica,2014,2014,16607.4,,
ECONPIBN,Gross domestic product (GDP),PPPPERMT,"/capita, US$ purchasing power parity",CRI,Costa Rica,2015,2015,17639.9,,
ECONPIBN,Gross domestic product (GDP),PPPPERMT,"/capita, US$ purchasing power parity",CRI,Costa Rica,2016,2016,19109.9,,
ECONPIBN,Gross domestic product (GDP),PPPPERMT,"/capita, US$ purchasing power parity",CRI,Costa Rica,2017,2017,20357.2,,
ECONPIBN,Gross domestic product (GDP),PPPPERMT,"/capita, US$ purchasing power parity",CRI,Costa Rica,2018,2018,21302.2,,
ECONPIBN,Gross domestic product (GDP),PPPPERMT,"/capita, US$ purchasing power parity",CRI,Costa Rica,2019,2019,22585.7,,
ECONPIBN,Gross domestic product (GDP),PPPPERMT,"/capita, US$ purchasing power parity",CRI,Costa Rica,2020,2020,22169.3,,
ECONPIBN,Gross domestic product (GDP),PPPPERMT,"/capita, US$ purchasing power parity",HRV,Croatia,2005,2005,15431.2,,
ECONPIBN,Gross domestic product (GDP),PPPPERMT,"/capita, US$ purchasing power parity",HRV,Croatia,2006,2006,17588.1,,
ECONPIBN,Gross domestic product (GDP),PPPPERMT,"/capita, US$ purchasing power parity",HRV,Croatia,2007,2007,19481.8,,
ECONPIBN,Gross domestic product (GDP),PPPPERMT,"/capita, US$ purchasing power parity",HRV,Croatia,2008,2008,20915.9,,
ECONPIBN,Gross domestic product (GDP),PPPPERMT,"/capita, US$ purchasing power parity",HRV,Croatia,2009,2009,20144.2,,
ECONPIBN,Gross domestic product (GDP),PPPPERMT,"/capita, US$ purchasing power parity",HRV,Croatia,2010,2010,19963,,
ECONPIBN,Gross domestic product (GDP),PPPPERMT,"/capita, US$ purchasing power parity",HRV,Croatia,2011,2011,21003.5,,
ECONPIBN,Gross domestic product (GDP),PPPPERMT,"/capita, US$ purchasing power parity",HRV,Croatia,2012,2012,21389.9,,
ECONPIBN,Gross domestic product (GDP),PPPPERMT,"/capita, US$ purchasing power parity",HRV,Croatia,2013,2013,22087.5,,
ECONPIBN,Gross domestic product (GDP),PPPPERMT,"/capita, US$ purchasing power parity",HRV,Croatia,2014,2014,22337.3,,
ECONPIBN,Gross domestic product (GDP),PPPPERMT,"/capita, US$ purchasing power parity",HRV,Croatia,2015,2015,23276.9,,
ECONPIBN,Gross domestic product (GDP),PPPPERMT,"/capita, US$ purchasing power parity",HRV,Croatia,2016,2016,25222.6,,
ECONPIBN,Gross domestic product (GDP),PPPPERMT,"/capita, US$ purchasing power parity",HRV,Croatia,2017,2017,27119.2,,
ECONPIBN,Gross domestic product (GDP),PPPPERMT,"/capita, US$ purchasing power parity",HRV,Croatia,2018,2018,28856.1,,
ECONPIBN,Gross domestic product (GDP),PPPPERMT,"/capita, US$ purchasing power parity",HRV,Croatia,2019,2019,30529.2,,
ECONPIBN,Gross domestic product (GDP),PPPPERMT,"/capita, US$ purchasing power parity",HRV,Croatia,2020,2020,28782.6,,
ECONPIBN,Gross domestic product (GDP),PPPPERMT,"/capita, US$ purchasing power parity",BGR,Bulgaria,2005,2005,10291.5,,
ECONPIBN,Gross domestic product (GDP),PPPPERMT,"/capita, US$ purchasing power parity",BGR,Bulgaria,2006,2006,11408.1,,
ECONPIBN,Gross domestic product (GDP),PPPPERMT,"/capita, US$ purchasing power parity",BGR,Bulgaria,2007,2007,12811.4,,
ECONPIBN,Gross domestic product (GDP),PPPPERMT,"/capita, US$ purchasing power parity",BGR,Bulgaria,2008,2008,14335.8,,
ECONPIBN,Gross domestic product (GDP),PPPPERMT,"/capita, US$ purchasing power parity",BGR,Bulgaria,2009,2009,14181.2,,
ECONPIBN,Gross domestic product (GDP),PPPPERMT,"/capita, US$ purchasing power parity",BGR,Bulgaria,2010,2010,14956.5,,
ECONPIBN,Gross domestic product (GDP),PPPPERMT,"/capita, US$ purchasing power parity",BGR,Bulgaria,2011,2011,15747.1,,
ECONPIBN,Gross domestic product (GDP),PPPPERMT,"/capita, US$ purchasing power parity",BGR,Bulgaria,2012,2012,16327.9,,
ECONPIBN,Gross domestic product (GDP),PPPPERMT,"/capita, US$ purchasing power parity",BGR,Bulgaria,2013,2013,16647.1,,
ECONPIBN,Gross domestic product (GDP),PPPPERMT,"/capita, US$ purchasing power parity",BGR,Bulgaria,2014,2014,17616.9,,
ECONPIBN,Gross domestic product (GDP),PPPPERMT,"/capita, US$ purchasing power parity",BGR,Bulgaria,2015,2015,18391.8,,
ECONPIBN,Gross domestic product (GDP),PPPPERMT,"/capita, US$ purchasing power parity",BGR,Bulgaria,2016,2016,20074.4,,
ECONPIBN,Gross domestic product (GDP),PPPPERMT,"/capita, US$ purchasing power parity",BGR,Bulgaria,2017,2017,21470,,
ECONPIBN,Gross domestic product (GDP),PPPPERMT,"/capita, US$ purchasing power parity",BGR,Bulgaria,2018,2018,23016,,
ECONPIBN,Gross domestic product (GDP),PPPPERMT,"/capita, US$ purchasing power parity",BGR,Bulgaria,2019,2019,24497.5,,
ECONPIBN,Gross domestic product (GDP),PPPPERMT,"/capita, US$ purchasing power parity",BGR,Bulgaria,2020,2020,24564.3,,
ECONPIBN,Gross domestic product (GDP),PPPPERMT,"/capita, US$ purchasing power parity",ROU,Romania,2005,2005,9602.1,,
ECONPIBN,Gross domestic product (GDP),PPPPERMT,"/capita, US$ purchasing power parity",ROU,Romania,2006,2006,11556.6,,
ECONPIBN,Gross domestic product (GDP),PPPPERMT,"/capita, US$ purchasing power parity",ROU,Romania,2007,2007,13700.1,,
ECONPIBN,Gross domestic product (GDP),PPPPERMT,"/capita, US$ purchasing power parity",ROU,Romania,2008,2008,16782.3,,
ECONPIBN,Gross domestic product (GDP),PPPPERMT,"/capita, US$ purchasing power parity",ROU,Romania,2009,2009,16631.9,,
ECONPIBN,Gross domestic product (GDP),PPPPERMT,"/capita, US$ purchasing power parity",ROU,Romania,2010,2010,16976.3,,
ECONPIBN,Gross domestic product (GDP),PPPPERMT,"/capita, US$ purchasing power parity",ROU,Romania,2011,2011,17896.3,,
ECONPIBN,Gross domestic product (GDP),PPPPERMT,"/capita, US$ purchasing power parity",ROU,Romania,2012,2012,18869.6,,
ECONPIBN,Gross domestic product (GDP),PPPPERMT,"/capita, US$ purchasing power parity",ROU,Romania,2013,2013,19782,,
ECONPIBN,Gross domestic product (GDP),PPPPERMT,"/capita, US$ purchasing power parity",ROU,Romania,2014,2014,20657.7,,
ECONPIBN,Gross domestic product (GDP),PPPPERMT,"/capita, US$ purchasing power parity",ROU,Romania,2015,2015,21605.7,,
ECONPIBN,Gross domestic product (GDP),PPPPERMT,"/capita, US$ purchasing power parity",ROU,Romania,2016,2016,24271.5,,
ECONPIBN,Gross domestic product (GDP),PPPPERMT,"/capita, US$ purchasing power parity",ROU,Romania,2017,2017,27142,,
ECONPIBN,Gross domestic product (GDP),PPPPERMT,"/capita, US$ purchasing power parity",ROU,Romania,2018,2018,29342.2,,
ECONPIBN,Gross domestic product (GDP),PPPPERMT,"/capita, US$ purchasing power parity",ROU,Romania,2019,2019,31867.2,,
ECONPIBN,Gross domestic product (GDP),PPPPERMT,"/capita, US$ purchasing power parity",ROU,Romania,2020,2020,32189.2,,
